Country of Origin,Farm Name,Lot Number,Mill,ICO Number,Company,Altitude,Region,Producer,Number of Bags,Bag Weight,In-Country Partner,Harvest Year,Grading Date,Owner,Variety,Status,Processing Method,Aroma,Flavor,Aftertaste,Acidity,Body,Balance,Uniformity,Clean Cup,Sweetness,Overall,Defects,Total Cup Points,Moisture,Category One Defects,Quakers,Color,Category Two Defects,NA,Expiration,Certification Body,Certification Address,Certification Contact
Thailand,PHU CHEE DEUN COFFEE FARMER,1,Mogojubean,,PHU CHEE DEUN COFFEE FARMER,1450,North,PHU CHEE DEUN COFFEE FARMER,1,8 kg,Specialty Coffee Institute of Thailand,2024 / 2025,"July 8th, 2025",Phongsathorn Khunta,Gesha,Completed,Natural / Dry,8.25,8.5,8.33,8.25,8.17,8.17,10.0,10.0,10.0,8.33,0.0,88.0,11.1 %,0 full defects,0,Green Fresh,0 full defects,,"July 8th, 2026",Specialty Coffee Institute of Thailand,"No.76-82 Satri Wittaya 2 Soi 6, Ladplao, Bangkok 10230 Thailand","Rinlapat Siwachairot - +66 2 118 0811, +66 926462492"
Thailand,Natee coffee estate,#G2025001,Natee coffee estate,,Natee coffee estate,1350-1400,Chaing Rai,Natee Santiphoomsawan,1,7 kg,SOCOF Lab,2024 / 2025,"October 2nd, 2025",Natee Santiphoomsawan,Gesha,Completed,Natural / Dry,8.42,8.42,8.17,8.17,8.08,8.17,10.0,10.0,10.0,8.25,0.0,87.67,9.7 %,0 full defects,0,Green,0 full defects,,"October 2nd, 2026",SOCOF Lab,"(Ministry of Roasters)199 Chang Moi , Mueng Chiang Mai, 53000 Thailand",Anuwat Kobnampetch - whatsapp +66 925524446
Thailand,Ma Gor Loe Coffee Farm,2,Hulling Facility,,Ma Gor Loe Coffee Farm,1200,Chiangmai,Chaloempong Funna,1,8 kg,Specialty Coffee Institute of Thailand,2025,"August 26th, 2025",Chaloempong Funna,Gesha,Completed,Natural / Dry,8.25,8.33,8.25,8.17,8.17,8.25,10.0,10.0,10.0,8.25,0.0,87.67,12.9 %,0 full defects,0,Yellowish,0 full defects,,"August 26th, 2026",Specialty Coffee Institute of Thailand,"No.76-82 Satri Wittaya 2 Soi 6, Ladplao, Bangkok 10230 Thailand","Rinlapat Siwachairot - +66 2 118 0811, +66 926462492"
Thailand,Slowna,2025012,"Gemforestcoffee LTD.,Part",,SlownaCoffee,1400,Nan,Pornpipat,1,7 kg,SOCOF Lab,2024 / 2025,"October 2nd, 2025",Pornpipat,Catimor,Completed,Natural / Dry,8.33,8.33,8.08,8.25,8.08,8.08,10.0,10.0,10.0,8.33,0.0,87.5,10.9 %,0 full defects,0,Brownish,0 full defects,,"October 2nd, 2026",SOCOF Lab,"(Ministry of Roasters)199 Chang Moi , Mueng Chiang Mai, 53000 Thailand",Anuwat Kobnampetch - whatsapp +66 925524446
Thailand,V Saking,#1225,"Gemforestcoffee LTD.,Part",,Nan Saking Coffee,1200,Nan,Mrs.Pimpha,1,7 kg,SOCOF Lab,2020 / 2021,"October 2nd, 2025",Pimpha,Gesha,Completed,Washed / Wet,8.33,8.25,8.08,8.08,8.25,8.25,10.0,10.0,10.0,8.25,0.0,87.5,9.5 %,0 full defects,0,Green,3 full defects,,"October 2nd, 2026",SOCOF Lab,"(Ministry of Roasters)199 Chang Moi , Mueng Chiang Mai, 53000 Thailand",Anuwat Kobnampetch - whatsapp +66 925524446
Thailand,Ma Gor Loe Coffee Farm,1,Hulling Facility,,Ma Gor Loe Coffee Farm,1200,Chiangmai,Chaloempong Funna,1,8 kg,Specialty Coffee Institute of Thailand,2025,"July 8th, 2025",Parichat Saensong,Gesha,Completed,Natural / Dry,8.17,8.25,8.0,8.33,8.08,8.17,10.0,10.0,10.0,8.5,0.0,87.5,12.2 %,0 full defects,0,Green,0 full defects,,"July 8th, 2026",Specialty Coffee Institute of Thailand,"No.76-82 Satri Wittaya 2 Soi 6, Ladplao, Bangkok 10230 Thailand","Rinlapat Siwachairot - +66 2 118 0811, +66 926462492"
Thailand,Ban phuvaeview,2025004,Manipruek,,Baan phuvaeview,1480,Nan,Kanjana inja,1,8 kg,SOCOF Lab,2024 / 2025,"October 2nd, 2025",Kanjana inja,Gesha,Completed,Natural / Dry,8.33,8.33,8.17,8.08,7.92,8.17,10.0,10.0,10.0,8.42,0.0,87.42,10 %,0 full defects,0,Yellow-Green,0 full defects,,"October 2nd, 2026",SOCOF Lab,"(Ministry of Roasters)199 Chang Moi , Mueng Chiang Mai, 53000 Thailand",Anuwat Kobnampetch - whatsapp +66 925524446
Ethiopia,Abera Farm,2,Abera Milling staion,010/0398,Abebe mulgeta Genet Trading,1800-2200,SNNP Gedeo Zone,Abera Hailemariyam,1600,96000 kg,METAD Agricultural Development plc,2024 / 2025,"April 8th, 2025",Abebe Mulgeta,Ethiopian Yirgacheffe,Completed,Natural / Dry,8.0,8.25,8.17,8.33,8.33,8.0,10.0,10.0,10.0,8.08,0.0,87.17,8.9 %,0 full defects,3,Yellow green,1 full defects,,"April 8th, 2026",METAD Agricultural Development plc,"BAWA Center, 3rd Floor (Gerji), Addis Ababa, Ethiopia","Aman Adinew (Emebet Dinku) - +251-116-292534, +251-911-519196"
Taiwan,卓武山咖啡,C09,卓武山咖啡,,Taiwan Coffee Laboratory,1200,嘉義/阿里山鄉,許峻榮,1,2 kg,Taiwan Coffee Laboratory 台灣咖啡研究室,2024 / 2025,"September 26th, 2025",Taiwan Coffee Laboratory 台灣咖啡研究室,Gesha,Completed,Pulped natural / honey,8.17,8.25,8.17,8.17,8.08,8.08,10.0,10.0,10.0,8.25,0.0,87.17,9.1 %,0 full defects,0,Bluish-Green,0 full defects,,"September 26th, 2026",Taiwan Coffee Laboratory 台灣咖啡研究室,"QAHWAH CO., LTD 4F, No. 225, Sec. 3, Beixin Rd., Xindian Dist. New Taipei City, Taiwan","Lin, Jen-An Neil 林仁安 - 886-289116612"
Ethiopia,Nefarious Silk - Lafto,Natural Gesha gr.1 2025-P0099,Woreda 02 Addis Abeba,01021260004,Daarnhouwer,1100,Bench Maji,South BurshaTrading PLC,100,30 kg,METAD Agricultural Development plc,2024 / 2025,"April 17th, 2025",Hans Zevenhek,Gesha,Completed,Natural / Dry,8.08,8.08,8.17,8.33,8.08,8.0,10.0,10.0,10.0,8.33,0.0,87.08,9.8 %,1 full defects,7,Yellow Green,14 full defects,,"April 17th, 2026",METAD Agricultural Development plc,"BAWA Center, 3rd Floor (Gerji), Addis Ababa, Ethiopia","Aman Adinew (Emebet Dinku) - +251-116-292534, +251-911-519196"
Ethiopia,Sakicha kebele,Natural Guji Gr.1 Sakicha 2025-P0535,Bulehora District West Guji Oromia,01001400207,Daarnhouwer,2000,"Sakicha kebele, Bulehora District, West Guji Zone, Oromia",Aklilu Kassa Chrissa,100,60 kg,METAD Agricultural Development plc,2024 / 2025,"September 10th, 2025",Hans Zevenhek,Ethiopian Heirlooms,Completed,Natural / Dry,8.0,8.17,8.17,8.25,8.25,8.08,10.0,10.0,10.0,8.08,0.0,87.0,10.1 %,0 full defects,2,Yellow Green,5 full defects,,"September 10th, 2026",METAD Agricultural Development plc,"BAWA Center, 3rd Floor (Gerji), Addis Ababa, Ethiopia","Aman Adinew (Emebet Dinku) - +251-116-292534, +251-911-519196"
Vietnam,Công ty TNHH CARABU COFFEE,A032,Công ty TNHH CARABU COFFEE,,"carabu coffee, co, ltd",500,Buôn Ma Thuột,Hoàng Mạnh Tường,2000,1 kg,HQJ Coffee School,2024 / 2025,"July 9th, 2025",carabu,AH1,Completed,Natural / Dry,8.5,8.25,8.08,8.08,8.08,7.83,10.0,10.0,10.0,8.17,0.0,87.0,11 %,0 full defects,0,Green,0 full defects,,"July 9th, 2026",HQJ Coffee School,"738 Su Van Hanh Ward 12, District 10 Hochiminh City Vietnam",Sam Choi - +84 906662008
Taiwan,名陽園,C17,名陽園,,Taiwan Coffee Laboratory,1500,嘉義/竹崎鄉,王政淵,1,2 kg,Taiwan Coffee Laboratory 台灣咖啡研究室,2024 / 2025,"September 26th, 2025",Taiwan Coffee Laboratory 台灣咖啡研究室,Gesha,Completed,Natural / Dry,8.17,8.25,8.25,8.0,8.08,8.08,10.0,10.0,10.0,8.08,0.0,86.92,10.2 %,0 full defects,0,Bluish-Green,0 full defects,,"September 26th, 2026",Taiwan Coffee Laboratory 台灣咖啡研究室,"QAHWAH CO., LTD 4F, No. 225, Sec. 3, Beixin Rd., Xindian Dist. New Taipei City, Taiwan","Lin, Jen-An Neil 林仁安 - 886-289116612"
Vietnam,Công ty TNHH MTV Rẫy Rừng,A203,Công ty TNHH MTV Rẫy Rừng,,Ray Rung Limited Company,1400,"Thôn Đắk Bờ Rồ, Xã Đắk Tăng, Huyện Kon Plông, Tỉnh Kon Tum",Bùi Lê Băng,1500,1 kg,HQJ Coffee School,2024 / 2025,"July 9th, 2025",Thang Ho Hoang Minh,"Catimor, TH1, THA1",Completed,Natural / Dry,8.33,8.17,8.0,8.17,8.08,8.08,10.0,10.0,10.0,8.08,0.0,86.92,11 %,0 full defects,0,Green,0 full defects,,"July 9th, 2026",HQJ Coffee School,"738 Su Van Hanh Ward 12, District 10 Hochiminh City Vietnam",Sam Choi - +84 906662008
Ethiopia,Abera Farm,2,Abera washing staion,010/0398,Abebe mulgeta Genet Trading,1800-2200,SNNP Gedeo Zone,Abera Hailemariyam,1600,96000 kg,METAD Agricultural Development plc,2024 / 2025,"April 8th, 2025",Abebe Mulgeta,Ethiopian Yirgacheffe,Completed,Washed / Wet,7.92,8.08,8.0,8.42,8.08,8.08,10.0,10.0,10.0,8.17,0.0,86.75,9.8 %,0 full defects,0,Blue-Green,1 full defects,,"April 8th, 2026",METAD Agricultural Development plc,"BAWA Center, 3rd Floor (Gerji), Addis Ababa, Ethiopia","Aman Adinew (Emebet Dinku) - +251-116-292534, +251-911-519196"
Vietnam,8Ro Company,A430,8Ro Company,,8RoCompany,1400,"Quảng Tín, Đăk Rlấp, Đắk Nông",Đinh Tiên Bảo San,5000,1 kg,HQJ Coffee School,2024 / 2025,"July 9th, 2025",Đinh Tiên Bảo San,Catimor,Completed,Natural / Dry,8.33,8.17,8.17,8.0,8.17,8.0,10.0,10.0,10.0,7.92,0.0,86.75,11 %,0 full defects,0,Green,0 full defects,,"July 9th, 2026",HQJ Coffee School,"738 Su Van Hanh Ward 12, District 10 Hochiminh City Vietnam",Sam Choi - +84 906662008
Vietnam,Công ty Cổ phần Hạt Rừng,A654,Công ty Cổ phần Hạt Rừng,,THE FOREST BEANS JOINT STOCK COMPANY,1580,"Thôn Trường Sơn, Xã Xuân Trường, Đà Lạt, Lâm Đồng",Nguyễn Hữu Yên,3000,1 kg,HQJ Coffee School,2024 / 2025,"July 9th, 2025",Hạt Rừng,Catimor,Completed,Washed / Wet,8.25,8.17,7.92,8.17,8.08,8.0,10.0,10.0,10.0,8.17,0.0,86.75,11 %,0 full defects,0,Green,0 full defects,,"July 9th, 2026",HQJ Coffee School,"738 Su Van Hanh Ward 12, District 10 Hochiminh City Vietnam",Sam Choi - +84 906662008
Taiwan,大鋤花間咖啡生態農場 （Dachu Coffee Estate),2025臺南市國產精品咖啡評鑑批次,大鋤花間咖啡生態農場(Dachu Coffee Estate),,Taiwan Coffee Laboratory,700-750,"臺南市東山區 Dongshan Dist., Tainan City","郭雅聰(KUO,YA-TSUNG）",1,5 kg,Taiwan Coffee Laboratory 台灣咖啡研究室,2024 / 2025,"July 15th, 2025",Taiwan Coffee Laboratory 台灣咖啡研究室,Gesha,Completed,Natural / Dry,8.0,8.17,8.08,8.08,7.83,8.08,10.0,10.0,10.0,8.33,0.0,86.58,9.2 %,0 full defects,0,GREENISH,1 full defects,,"July 15th, 2026",Taiwan Coffee Laboratory 台灣咖啡研究室,"QAHWAH CO., LTD 4F, No. 225, Sec. 3, Beixin Rd., Xindian Dist. New Taipei City, Taiwan","Lin, Jen-An Neil 林仁安 - 886-289116612"
Thailand,PHU CHEE DEUN COFFEE FARMER,1,Mogojubean,,PHU CHEE DEUN COFFEE FARMER,1450,North,PHU CHEE DEUN COFFEE FARMER,1,8 kg,Specialty Coffee Institute of Thailand,2024 / 2025,"August 26th, 2025",Phongsathorn Khunta,Mix,Completed,Washed / Wet,8.33,8.17,7.92,7.92,7.92,8.17,10.0,10.0,10.0,8.17,0.0,86.58,11.7 %,0 full defects,0,Yello-Green,0 full defects,,"August 26th, 2026",Specialty Coffee Institute of Thailand,"No.76-82 Satri Wittaya 2 Soi 6, Ladplao, Bangkok 10230 Thailand","Rinlapat Siwachairot - +66 2 118 0811, +66 926462492"
Ethiopia,Moredocofe S.C,005,Moredocofe Huling facility,010/0184/0016,Moredocofe S.C,1900,Oromia,Moredocofe S.c,100,6000 kg,METAD Agricultural Development plc,2024 / 2025,"May 8th, 2025",Moredocofe S.C,Ethiopian Heirlooms,Completed,Natural / Dry,7.92,8.17,8.08,8.25,7.92,8.08,10.0,10.0,10.0,8.08,0.0,86.5,9.2 %,0 full defects,5,Yellow Green,4 full defects,,"May 8th, 2026",METAD Agricultural Development plc,"BAWA Center, 3rd Floor (Gerji), Addis Ababa, Ethiopia","Aman Adinew (Emebet Dinku) - +251-116-292534, +251-911-519196"
Ethiopia,Hama Kebele small holder farmer,233,Dancho Mukere PLC Hama Washing station,010/0030/0233,Mullege PLC,1950-2100,Ethiopia,Fermentation process,320,60 kg,METAD Agricultural Development plc,2024 / 2025,"May 6th, 2025",Mullege PLC,Ethiopian Yirgacheffe,Completed,Washed / Wet,8.0,7.92,8.08,8.17,8.17,8.08,10.0,10.0,10.0,8.08,0.0,86.5,9.4 %,0 full defects,0,Greenish,3 full defects,,"May 6th, 2026",METAD Agricultural Development plc,"BAWA Center, 3rd Floor (Gerji), Addis Ababa, Ethiopia","Aman Adinew (Emebet Dinku) - +251-116-292534, +251-911-519196"
Taiwan,COFEE BERRIES MANOR,C201,"Chiayi Agricultural Experiment Branch, TARI",,Taiwan Coffee Laboratory,1100,"Gukeng Township, Yunlin County","WANG, YING-HUI",1,2 kg,Taiwan Coffee Laboratory 台灣咖啡研究室,2024 / 2025,"September 26th, 2025",Taiwan Coffee Laboratory 台灣咖啡研究室,Gesha,Completed,Washed / Wet,8.0,8.08,8.0,8.08,8.0,8.08,10.0,10.0,10.0,8.17,0.0,86.42,8.5 %,0 full defects,0,greenish,4 full defects,,"September 26th, 2026",Taiwan Coffee Laboratory 台灣咖啡研究室,"QAHWAH CO., LTD 4F, No. 225, Sec. 3, Beixin Rd., Xindian Dist. New Taipei City, Taiwan","Lin, Jen-An Neil 林仁安 - 886-289116612"
Thailand,Doi Tung Development Project,DT2024/2025 Gayo Fermented Natural Lot ICP,Doi Tung Development Project,,Mae Fah Luang Foundation,1200,"Chiang Rai, Thailand",Doi Tung Development Project,1,30 kg,Specialty Coffee Institute of Thailand,2024 / 2025,"August 26th, 2025",Tanawit Thirintong,Gayo,Completed,Fermented Natural,8.0,8.17,7.92,8.17,8.17,8.0,10.0,10.0,10.0,8.0,0.0,86.42,12.5 %,0 full defects,0,Bluish-Green,0 full defects,,"August 26th, 2026",Specialty Coffee Institute of Thailand,"No.76-82 Satri Wittaya 2 Soi 6, Ladplao, Bangkok 10230 Thailand","Rinlapat Siwachairot - +66 2 118 0811, +66 926462492"
Ethiopia,Eyasu Abraham,Yirgacheffe Gedeb Banko Gotiti,Small holder farmers around the site,010/1269/0066,Taiwan Coffee Laboratory,2100-2200,Yirgacheffe Gedeb Banko Gotiti,Small holder farmers around the site,320,60 kg,Taiwan Coffee Laboratory 台灣咖啡研究室,2024 / 2025,"September 26th, 2025",Taiwan Coffee Laboratory 台灣咖啡研究室,Heirloom,Completed,Washed / Wet,8.17,8.17,8.0,7.92,7.92,8.08,10.0,10.0,10.0,8.17,0.0,86.42,9 %,0 full defects,0,Green,1 full defects,,"September 26th, 2026",Taiwan Coffee Laboratory 台灣咖啡研究室,"QAHWAH CO., LTD 4F, No. 225, Sec. 3, Beixin Rd., Xindian Dist. New Taipei City, Taiwan","Lin, Jen-An Neil 林仁安 - 886-289116612"
Colombia,N / A,3-0068-00878,Trilladora Popayán,3-0068-00878,ECOM COLOMBIA,1700,Cauca,Regional producers,200,70 kg,ASOCIACIÓN COLOMBIANA PARA LA EXCELENCIA DEL CAFE,2024 / 2025,"April 30th, 2025",Raúl Vargas,Caturra,Completed,Washed / Wet,8.0,7.83,8.0,8.0,8.08,8.33,10.0,10.0,10.0,8.08,0.0,86.33,10.5 %,4 full defects,1,Green,6 full defects,,"April 30th, 2026",ASOCIACIÓN COLOMBIANA PARA LA EXCELENCIA DEL CAFE,Calle 60A #3D-32 / Planta Baja / CQ Lab ASECC,Carlos Julian Ruiz - 3212026991
Vietnam,Kra Jan Ha Djim,A444,Kra Jan Ha Djim,,,1500,"Lạc Dương, Lâm Đồng",Kra Jan Ha Djim,100,1 kg,HQJ Coffee School,2024 / 2025,"July 9th, 2025",Kra Jan Ha Djim,Yellow Bourbon,Completed,Pulped natural / honey,8.08,8.25,8.0,8.08,8.08,8.08,10.0,10.0,10.0,7.75,0.0,86.33,11 %,0 full defects,0,Green,0 full defects,,"July 9th, 2026",HQJ Coffee School,"738 Su Van Hanh Ward 12, District 10 Hochiminh City Vietnam",Sam Choi - +84 906662008
Vietnam,Công ty TNHH MTV Rẫy Rừng,A333,Công ty TNHH MTV Rẫy Rừng,,Ray Rung Limited Company,1600,"Thôn Đắk Bờ Rồ, Xã Đắk Tăng, Huyện Kon Plông, Tỉnh Kon Tum",Bùi Lê Băng,300,1 kg,HQJ Coffee School,2024 / 2025,"July 9th, 2025",Thang Ho Hoang Minh,Typica,Completed,Pulped natural / honey,8.17,7.92,8.08,8.17,8.08,7.83,10.0,10.0,10.0,8.08,0.0,86.33,11 %,0 full defects,0,Green,0 full defects,,"July 9th, 2026",HQJ Coffee School,"738 Su Van Hanh Ward 12, District 10 Hochiminh City Vietnam",Sam Choi - +84 906662008
Taiwan,何留咖啡Hiu Coffee Manor,2025花蓮縣第九屆精品咖啡評鑑批次,何留咖啡Hiu Coffee Manor,,Taiwan Coffee Laboratory,650,"Wanrong Township, Hualien County","林金光LIN,JIN-GUANG",1,6 kg,Taiwan Coffee Laboratory 台灣咖啡研究室,2025,"September 12th, 2025",Taiwan Coffee Laboratory 台灣咖啡研究室,Typica,Completed,Anaerobic Washed Process,8.0,8.25,7.92,8.08,8.0,8.0,10.0,10.0,10.0,8.08,0.0,86.33,11.2 %,0 full defects,0,GREENISH,0 full defects,,"September 12th, 2026",Taiwan Coffee Laboratory 台灣咖啡研究室,"QAHWAH CO., LTD 4F, No. 225, Sec. 3, Beixin Rd., Xindian Dist. New Taipei City, Taiwan","Lin, Jen-An Neil 林仁安 - 886-289116612"
Thailand,LISUMI Coffee Farm,LSMDB-2501,LISUMI Plantation,,Lisumi Coffee Farm,1300,Chiangrai,Mt Lisumi Coffee Farm,1,8 kg,Specialty Coffee Institute of Thailand,2024 / 2025,"August 26th, 2025",Theerachart Satittampana,Progeny88 (Hybrid of Caturra X HDT-CIFC1343),Completed,Natural / Dry,8.0,8.17,7.92,8.17,8.17,8.0,10.0,10.0,10.0,7.83,0.0,86.25,11.7 %,0 full defects,0,Bluish-Green,0 full defects,,"August 26th, 2026",Specialty Coffee Institute of Thailand,"No.76-82 Satri Wittaya 2 Soi 6, Ladplao, Bangkok 10230 Thailand","Rinlapat Siwachairot - +66 2 118 0811, +66 926462492"
Vietnam,ThyThy Farm,A555,ThyThy Farm,,cong ty tnhh ca phe sach intenso,1550,"Trạm Hành, Cầu Đất, Lâm Đồng",Lê Huyền Ngọc Thy,200,1 kg,HQJ Coffee School,2024 / 2025,"July 9th, 2025",Ta tuan anh,Catimor,Completed,Natural / Dry,8.0,8.17,8.0,8.08,7.83,8.08,10.0,10.0,10.0,8.08,0.0,86.25,11 %,0 full defects,0,Green,0 full defects,,"July 9th, 2026",HQJ Coffee School,"738 Su Van Hanh Ward 12, District 10 Hochiminh City Vietnam",Sam Choi - +84 906662008
Vietnam,Công ty TNHH Minudo Farm - Care,A405,Công ty TNHH Minudo Farm - Care,,,1200,Đắk Lắk,Lê Đình Tư,2500,1 kg,HQJ Coffee School,2024 / 2025,"July 9th, 2025",Aeroco coffee,THA1,Completed,Natural / Dry,8.17,8.08,7.92,8.0,8.0,7.92,10.0,10.0,10.0,8.08,0.0,86.17,11 %,0 full defects,0,Green,0 full defects,,"July 9th, 2026",HQJ Coffee School,"738 Su Van Hanh Ward 12, District 10 Hochiminh City Vietnam",Sam Choi - +84 906662008
Indonesia,Muhammad Irwan,503,Yes,,Muhammad Irwan,1400,"Pengalengan, Jawa Barat",Muhammad Irwan,1,60 kg,EKATA COFFEE CENTER,2024 / 2025,"October 13th, 2025",shameel,Other,Completed,,8.25,8.0,8.08,8.0,7.83,8.0,10.0,10.0,10.0,7.92,0.0,86.08,11.7 %,0 full defects,0,Pale Yellow,0 full defects,,"October 13th, 2026",EKATA COFFEE CENTER,"321/1, SIRAGUNDA VILLAGE, KASABA HOBLI, MUGTHIHALLI, CHIKKAMAGALURU, KARNATAKA, 577101",Shameel CP // Vivek Kolathai - +919995959888. - +919746845248
Taiwan,泥妲咖啡Nita Coffee Manor,2025花蓮縣第九屆精品咖啡評鑑批次,泥妲咖啡Nita Coffee Manor,,Taiwan Coffee Laboratory,300,"Xiulin Township, Hualien County","戴豐秋DAI,FONG-CIOU",1,6 kg,Taiwan Coffee Laboratory 台灣咖啡研究室,2025,"September 12th, 2025",Taiwan Coffee Laboratory 台灣咖啡研究室,Typica,Completed,Pulped natural / honey,7.83,8.08,8.0,8.17,7.92,8.0,10.0,10.0,10.0,8.08,0.0,86.08,10.5 %,0 full defects,0,Green,3 full defects,,"September 12th, 2026",Taiwan Coffee Laboratory 台灣咖啡研究室,"QAHWAH CO., LTD 4F, No. 225, Sec. 3, Beixin Rd., Xindian Dist. New Taipei City, Taiwan","Lin, Jen-An Neil 林仁安 - 886-289116612"
Guatemala,La Bolsa,2025 Guatemala COE Exotic Natural & Honey R10,La Bolsa,,Taiwan Coffee Laboratory,1550,"La Libertad, Huehuetenango, Guatemala",Maria Elena Vides,9,30 kg,Taiwan Coffee Laboratory 台灣咖啡研究室,2025,"September 26th, 2025",Taiwan Coffee Laboratory 台灣咖啡研究室,Pacamara,Completed,Natural / Dry,8.0,8.0,7.92,7.92,8.0,8.08,10.0,10.0,10.0,8.17,0.0,86.08,10.9 %,0 full defects,0,Green,0 full defects,,"September 26th, 2026",Taiwan Coffee Laboratory 台灣咖啡研究室,"QAHWAH CO., LTD 4F, No. 225, Sec. 3, Beixin Rd., Xindian Dist. New Taipei City, Taiwan","Lin, Jen-An Neil 林仁安 - 886-289116612"
Taiwan,野牡丹咖啡莊園 Melastoma Coffee Estate,C112,野牡丹咖啡莊園 Melastoma Coffee Estate,,Taiwan Coffee Laboratory,1250,"嘉義阿里山, Alishan, Chiayi","黃保錫 Huang, Bao-Si",1,2 kg,Taiwan Coffee Laboratory 台灣咖啡研究室,2024 / 2025,"September 18th, 2025",Taiwan Coffee Laboratory 台灣咖啡研究室,Gesha,Completed,Pulped natural / honey,8.17,8.08,8.0,8.0,7.92,7.92,10.0,10.0,10.0,8.0,0.0,86.08,10.1 %,0 full defects,0,Green,0 full defects,,"September 18th, 2026",Taiwan Coffee Laboratory 台灣咖啡研究室,"QAHWAH CO., LTD 4F, No. 225, Sec. 3, Beixin Rd., Xindian Dist. New Taipei City, Taiwan","Lin, Jen-An Neil 林仁安 - 886-289116612"
Thailand,Phupha Estate,W08++,Mogojubean,,Phupha Estate,1430,Chiangmai,Kantima Tadplevthong,1,30 kg,Specialty Coffee Institute of Thailand,2024 / 2025,"August 26th, 2025",Kantima Tadplevthong,Mix typica bourbon catuai Caturra,Completed,Washed / Wet,8.17,8.0,7.83,8.0,8.0,7.92,10.0,10.0,10.0,8.08,0.0,86.0,12.1 %,0 full defects,0,Green,0 full defects,,"August 26th, 2026",Specialty Coffee Institute of Thailand,"No.76-82 Satri Wittaya 2 Soi 6, Ladplao, Bangkok 10230 Thailand","Rinlapat Siwachairot - +66 2 118 0811, +66 926462492"
Taiwan,璟隆咖啡,C14,璟隆咖啡,,Taiwan Coffee Laboratory,1300,嘉義/番路鄉,蘇彥彰,1,2 kg,Taiwan Coffee Laboratory 台灣咖啡研究室,2024 / 2025,"September 26th, 2025",Taiwan Coffee Laboratory 台灣咖啡研究室,Gesha,Completed,Natural / Dry,8.0,8.0,7.92,8.0,7.92,8.0,10.0,10.0,10.0,8.0,0.0,85.83,10.5 %,0 full defects,0,yellow green,0 full defects,,"September 26th, 2026",Taiwan Coffee Laboratory 台灣咖啡研究室,"QAHWAH CO., LTD 4F, No. 225, Sec. 3, Beixin Rd., Xindian Dist. New Taipei City, Taiwan","Lin, Jen-An Neil 林仁安 - 886-289116612"
Japan,cactus coffee farm & lab,1,cactus coffee farm & lab,,cactus coffee farm & lab,89,"Okinawa, Japan",Yayoi Nakasone,10,1 kg,Taiwan Coffee Laboratory 台灣咖啡研究室,2025,"September 26th, 2025",Yayoi Nakasone,Mundo Novo,Completed,Natural / Dry,7.83,8.0,8.08,7.92,7.83,8.0,10.0,10.0,10.0,8.17,0.0,85.83,10.2 %,0 full defects,0,Green,0 full defects,,"September 26th, 2026",Taiwan Coffee Laboratory 台灣咖啡研究室,"QAHWAH CO., LTD 4F, No. 225, Sec. 3, Beixin Rd., Xindian Dist. New Taipei City, Taiwan","Lin, Jen-An Neil 林仁安 - 886-289116612"
Thailand,Sri coffee,2025G,Sri coffee,,Sri coffee,1200,Nan,Charoen Aunthin,1,8 kg,SOCOF Lab,2024 / 2025,"October 2nd, 2025",Charoen Aunthin,Caturra,Completed,Natural / Dry,8.0,7.92,7.92,8.0,7.83,8.0,10.0,10.0,10.0,8.08,0.0,85.75,10.6 %,0 full defects,0,Yellow Green,2 full defects,,"October 2nd, 2026",SOCOF Lab,"(Ministry of Roasters)199 Chang Moi , Mueng Chiang Mai, 53000 Thailand",Anuwat Kobnampetch - whatsapp +66 925524446
Vietnam,1500m Coffee,A222,1500m Coffee,,Rosa Garden Viet Nam,1500,"Xã Xuân Trường và Xã Xuân Thọ, Thành phố Đà Lạt, tỉnh Lâm Đồng",Nguyễn Thanh Sang,12000,1 kg,HQJ Coffee School,2024 / 2025,"July 10th, 2025",Nguyễn Hương Thi,Catimor,Completed,Washed / Wet,8.0,8.0,7.92,8.0,7.92,7.92,10.0,10.0,10.0,8.0,0.0,85.75,11 %,0 full defects,0,Green,0 full defects,,"July 10th, 2026",HQJ Coffee School,"738 Su Van Hanh Ward 12, District 10 Hochiminh City Vietnam",Sam Choi - +84 906662008
Kenya,KAMWANGI,KAMWANGI,KIRINYAGA UNION MILL,,Rockbern Coffee Group Ltd,1560,KIRINYAGA,NEW NGARIAMA COOP,64,60 kg,Kenya Coffee Traders Association,2020 / 2021,"April 1st, 2025",Rockbern Coffee Group Ltd,SL28,Completed,Washed / Wet,8.0,8.0,7.92,7.92,8.0,7.92,10.0,10.0,10.0,8.0,0.0,85.75,11.8 %,0 full defects,0,Green,2 full defects,,"April 1st, 2026",Kenya Coffee Traders Association,"P.O. Box 646 00100Nairobi, Kenya, Denniss Pritt Road, Opposite St Georges Girls Secondary School",Benson Kibicho Kamau - +254 786 821 621
Thailand,Anurak coffee farm,Micro Lot -001 Khun ya washed process,Mogojubean,,Anurak coffee,1350,"Khun ya village, Chom Thong, Chiang mai.","Panupong Bunrueang , Surachet uttasahamongkol",1,8 kg,Specialty Coffee Institute of Thailand,2020 / 2021,"August 26th, 2025",Surachet Uttasahamongkol,Bourbon,Completed,Washed / Wet,8.0,7.75,7.92,8.0,7.92,7.92,10.0,10.0,10.0,8.17,0.0,85.67,10.7 %,0 full defects,0,Green,1 full defects,,"August 26th, 2026",Specialty Coffee Institute of Thailand,"No.76-82 Satri Wittaya 2 Soi 6, Ladplao, Bangkok 10230 Thailand","Rinlapat Siwachairot - +66 2 118 0811, +66 926462492"
Taiwan,部舞咖啡,C12,部舞咖啡,,Taiwan Coffee Laboratory,1200,嘉義/番路鄉,溫春梅,1,2 kg,Taiwan Coffee Laboratory 台灣咖啡研究室,2024 / 2025,"September 26th, 2025",Taiwan Coffee Laboratory 台灣咖啡研究室,Gesha,Completed,Natural / Dry,8.25,8.08,7.92,8.0,7.75,7.83,10.0,10.0,10.0,7.83,0.0,85.67,10.2 %,0 full defects,0,greenish,0 full defects,,"September 26th, 2026",Taiwan Coffee Laboratory 台灣咖啡研究室,"QAHWAH CO., LTD 4F, No. 225, Sec. 3, Beixin Rd., Xindian Dist. New Taipei City, Taiwan","Lin, Jen-An Neil 林仁安 - 886-289116612"
Ethiopia,NERA coffee,5 GD005,NERA Coffee,,Nera Global L.L.C-FZ,2100-2300,Ethiopia,NERA Coffee,830,60 kg,Torch Coffee Company,2024 / 2025,"July 7th, 2025",Gireesh Singh Chowdhury,Ethiopian Heirlooms,Completed,Natural / Dry,8.08,8.08,8.08,7.92,7.67,7.92,10.0,10.0,10.0,7.92,0.0,85.67,9.1 %,0 full defects,0,Brownish,4 full defects,,"July 7th, 2026",Torch Coffee Company,云南省普洱市88龙生路公园1号108栋234室炬点咖啡实验室 T Torch Coffee Lab 88 Long Shen Building 105 Suite 234 Rd  Pu'er Yunnan China,Marty Pollack - +86 18287988435
Taiwan,大鋤花間咖啡生態農場(Dachu Coffee Estate),2025臺南市國產精品咖啡評鑑批次,大鋤花間咖啡生態農場(Dachu Coffee Estate),,Taiwan Coffee Laboratory,700-750,"臺南市東山區 Dongshan Dist., Tainan City","郭雅聰(KUO,YA-TSUNG）",1,5 kg,Taiwan Coffee Laboratory 台灣咖啡研究室,2024 / 2025,"July 15th, 2025",Taiwan Coffee Laboratory 台灣咖啡研究室,Venecia,Completed,Natural / Dry,7.92,8.0,8.0,7.92,7.83,7.92,10.0,10.0,10.0,8.08,0.0,85.67,9.1 %,0 full defects,0,YELLOW-GREEN,0 full defects,,"July 15th, 2026",Taiwan Coffee Laboratory 台灣咖啡研究室,"QAHWAH CO., LTD 4F, No. 225, Sec. 3, Beixin Rd., Xindian Dist. New Taipei City, Taiwan","Lin, Jen-An Neil 林仁安 - 886-289116612"
Thailand,Phupha Estate,H08+H15,Mogojubean,,Phupha Estate,1430,Chiangmai,Kantima Tadplevthong,1,30 kg,Specialty Coffee Institute of Thailand,2024 / 2025,"August 26th, 2025",Kantima Tadplevthong,mix arabica,Completed,Pulped natural / honey,8.0,7.92,8.0,7.92,7.92,8.0,10.0,10.0,10.0,7.83,0.0,85.58,11.2 %,0 full defects,0,ํYellow-Green,0 full defects,,"August 26th, 2026",Specialty Coffee Institute of Thailand,"No.76-82 Satri Wittaya 2 Soi 6, Ladplao, Bangkok 10230 Thailand","Rinlapat Siwachairot - +66 2 118 0811, +66 926462492"
Taiwan,愛姬咖啡莊園Aiji Coffee Estate,2025花蓮縣第九屆精品咖啡評鑑批次,愛姬咖啡莊園Aiji Coffee Estate,,Taiwan Coffee Laboratory,150,"Shoufeng Township, Hualien County","劉孟宗LIOU,MENG-ZONG",1,6 kg,Taiwan Coffee Laboratory 台灣咖啡研究室,2025,"September 12th, 2025",Taiwan Coffee Laboratory 台灣咖啡研究室,Typica,Completed,Pulped natural / honey,7.92,8.0,7.92,8.0,7.83,7.92,10.0,10.0,10.0,8.0,0.0,85.58,11.7 %,0 full defects,0,GREENISH,0 full defects,,"September 12th, 2026",Taiwan Coffee Laboratory 台灣咖啡研究室,"QAHWAH CO., LTD 4F, No. 225, Sec. 3, Beixin Rd., Xindian Dist. New Taipei City, Taiwan","Lin, Jen-An Neil 林仁安 - 886-289116612"
Taiwan,富咖有機農場,C108,富咖有機農場,,Taiwan Coffee Laboratory,1200,"嘉義梅山, Meishan, Chiayi",楊仙美,1,2 kg,Taiwan Coffee Laboratory 台灣咖啡研究室,2024 / 2025,"September 18th, 2025",Taiwan Coffee Laboratory 台灣咖啡研究室,SL34,Completed,Pulped natural / honey,8.08,8.08,7.92,7.92,7.83,7.83,10.0,10.0,10.0,7.92,0.0,85.58,11 %,0 full defects,0,Blue-Green,0 full defects,,"September 18th, 2026",Taiwan Coffee Laboratory 台灣咖啡研究室,"QAHWAH CO., LTD 4F, No. 225, Sec. 3, Beixin Rd., Xindian Dist. New Taipei City, Taiwan","Lin, Jen-An Neil 林仁安 - 886-289116612"
Thailand,Coffee De Hmong,2025012,Coffee De Hmong,,Coffee De Hmong,1500,Manipruek Nan,Napaporn Kamnoedmongkhon,1,8 kg,SOCOF Lab,2024 / 2025,"October 2nd, 2025",Napaporn Kamnoedmongkhon,Catimor,Completed,Natural / Dry,8.08,8.17,7.92,7.92,7.83,7.58,10.0,10.0,10.0,8.0,0.0,85.5,10.1 %,0 full defects,0,Brownish,0 full defects,,"October 2nd, 2026",SOCOF Lab,"(Ministry of Roasters)199 Chang Moi , Mueng Chiang Mai, 53000 Thailand",Anuwat Kobnampetch - whatsapp +66 925524446
Taiwan,十萬咖啡	(Shin Wan café),2025臺南市國產精品咖啡評鑑批次,十萬咖啡	(Shin Wan café),,Taiwan Coffee Laboratory,700,"臺南市東山區 Dongshan Dist., Tainan City","陳天財（CHEN,TIAN-CAI）",1,5 kg,Taiwan Coffee Laboratory 台灣咖啡研究室,2024 / 2025,"July 15th, 2025",Taiwan Coffee Laboratory 台灣咖啡研究室,Gesha,Completed,Pulped natural / honey,8.08,8.0,7.92,7.83,7.83,7.83,10.0,10.0,10.0,7.92,0.0,85.42,9.7 %,0 full defects,0,GREENISH,0 full defects,,"July 15th, 2026",Taiwan Coffee Laboratory 台灣咖啡研究室,"QAHWAH CO., LTD 4F, No. 225, Sec. 3, Beixin Rd., Xindian Dist. New Taipei City, Taiwan","Lin, Jen-An Neil 林仁安 - 886-289116612"
Ethiopia,NERA Coffee,NERA-ETH001,NERA Coffee,,Nera Global L.L.C-FZ,2100-2300,Ethiopia,NERA Coffee,302,60 kg,Torch Coffee Company,2024 / 2025,"July 7th, 2025",Gireesh Singh Chowdhury,Ethiopian Heirlooms,Completed,Natural / Dry,7.92,8.0,7.92,7.75,7.92,8.0,10.0,10.0,10.0,7.92,0.0,85.42,9.1 %,0 full defects,0,Brownish,4 full defects,,"July 7th, 2026",Torch Coffee Company,云南省普洱市88龙生路公园1号108栋234室炬点咖啡实验室 T Torch Coffee Lab 88 Long Shen Building 105 Suite 234 Rd  Pu'er Yunnan China,Marty Pollack - +86 18287988435
Taiwan,大鋤花間咖啡生態農場(Dachu Coffee Estate),2025臺南市國產精品咖啡評鑑批次,大鋤花間咖啡生態農場(Dachu Coffee Estate),,Taiwan Coffee Laboratory,700-750,"臺南市東山區 Dongshan Dist., Tainan City","郭雅聰(KUO,YA-TSUNG）",1,5 kg,Taiwan Coffee Laboratory 台灣咖啡研究室,2024 / 2025,"July 15th, 2025",Taiwan Coffee Laboratory 台灣咖啡研究室,Purpurascens,Completed,Natural / Dry,7.92,8.0,7.75,8.0,7.92,7.92,10.0,10.0,10.0,7.92,0.0,85.42,9.5 %,0 full defects,0,YELLOW-GREEN,0 full defects,,"July 15th, 2026",Taiwan Coffee Laboratory 台灣咖啡研究室,"QAHWAH CO., LTD 4F, No. 225, Sec. 3, Beixin Rd., Xindian Dist. New Taipei City, Taiwan","Lin, Jen-An Neil 林仁安 - 886-289116612"
Taiwan,大鋤花間咖啡生態農場(Dachu Coffee Estate),2025臺南市國產精品咖啡評鑑批次,大鋤花間咖啡生態農場(Dachu Coffee Estate),,Taiwan Coffee Laboratory,700-750,"臺南市東山區 Dongshan Dist., Tainan City","郭雅聰(KUO,YA-TSUNG）",1,5 kg,Taiwan Coffee Laboratory 台灣咖啡研究室,2024 / 2025,"July 15th, 2025",Taiwan Coffee Laboratory 台灣咖啡研究室,Geisha+Venecia+Yallow Bourbon+ Purpurascens,Completed,Natural / Dry,8.0,8.17,7.92,7.83,7.67,7.83,10.0,10.0,10.0,7.92,0.0,85.33,9.3 %,0 full defects,1,Yellowish,0 full defects,,"July 15th, 2026",Taiwan Coffee Laboratory 台灣咖啡研究室,"QAHWAH CO., LTD 4F, No. 225, Sec. 3, Beixin Rd., Xindian Dist. New Taipei City, Taiwan","Lin, Jen-An Neil 林仁安 - 886-289116612"
Taiwan,一紫紅咖啡,C02,一紫紅咖啡,,Taiwan Coffee Laboratory,1200,嘉義/阿里山鄉,莊美雲,1,2 kg,Taiwan Coffee Laboratory 台灣咖啡研究室,2024 / 2025,"September 26th, 2025",Taiwan Coffee Laboratory 台灣咖啡研究室,SL34,Completed,Washed / Wet,8.0,8.0,7.92,7.92,7.75,7.83,10.0,10.0,10.0,7.92,0.0,85.33,9.4 %,0 full defects,0,Green,0 full defects,,"September 26th, 2026",Taiwan Coffee Laboratory 台灣咖啡研究室,"QAHWAH CO., LTD 4F, No. 225, Sec. 3, Beixin Rd., Xindian Dist. New Taipei City, Taiwan","Lin, Jen-An Neil 林仁安 - 886-289116612"
Taiwan,金蓉咖啡莊園（Jinrong Coffee Estat）,2025臺南市國產精品咖啡評鑑批次,金蓉咖啡莊園（Jinrong Coffee Estat）,,Taiwan Coffee Laboratory,680,"臺南市東山區 Dongshan Dist., Tainan City","黃美蓉(Huang,Mei-Jung )",1,5 kg,Taiwan Coffee Laboratory 台灣咖啡研究室,2024 / 2025,"July 15th, 2025",Taiwan Coffee Laboratory 台灣咖啡研究室,Gesha,Completed,Natural / Dry,7.92,8.08,7.92,7.92,7.92,7.83,10.0,10.0,10.0,7.75,0.0,85.33,9.2 %,0 full defects,0,GREENISH,0 full defects,,"July 15th, 2026",Taiwan Coffee Laboratory 台灣咖啡研究室,"QAHWAH CO., LTD 4F, No. 225, Sec. 3, Beixin Rd., Xindian Dist. New Taipei City, Taiwan","Lin, Jen-An Neil 林仁安 - 886-289116612"
Taiwan,祖嵐咖啡莊園,533 藝妓Gesha,益豐機械咖啡豆去皮脫殼機剝殼機兩用設備 100型,,祖嵐咖啡莊園,500,復興區義盛里大利幹部落農園,陳曉芬,1,10 kg,Blossom Valley International宸嶧國際,2024 / 2025,"March 19th, 2025",陳曉芬,Gesha,Completed,Natural / Dry,8.17,8.08,7.75,7.75,7.75,7.83,10.0,10.0,10.0,8.0,0.0,85.33,9.5 %,3 full defects,0,Green,1 full defects,,"March 19th, 2026",Blossom Valley International宸嶧國際,No.72 Mo-Fan St. Taiwan Zip: 403,Damon Chen陳嘉峻 - +886423022323
Vietnam,8Ro Company,A540,8Ro Company,,8RoCompany,1400,"Quảng Tín, Đăk Rlấp, Đắk Nông",Đinh Tiên Bảo San,5000,1 kg,HQJ Coffee School,2024 / 2025,"July 9th, 2025",Đinh Tiên Bảo San,Catimor,Completed,Pulped natural / honey,7.92,7.92,7.92,7.92,7.83,7.92,10.0,10.0,10.0,7.92,0.0,85.33,11 %,0 full defects,0,Green,0 full defects,,"July 9th, 2026",HQJ Coffee School,"738 Su Van Hanh Ward 12, District 10 Hochiminh City Vietnam",Sam Choi - +84 906662008
Costa Rica,"Cafetalera Tirra, S.A - Hacienda Candelaria",17,"Cafetalera Tirra, S.A",,"Cafetalera Tirra, S.A",1150,Palmares - Alajuela,"Cafetalera Tirra, S.A",1,1 kg,Specialty Coffee Association of Costa Rica,2024 / 2025,"February 20th, 2025",Laurence Aeberhard,Caturra,Completed,Washed / Wet,7.92,7.92,7.83,7.92,8.0,7.92,10.0,10.0,10.0,7.83,0.0,85.33,11.5 %,0 full defects,2,Blue-Green,1 full defects,,"February 20th, 2026",Specialty Coffee Association of Costa Rica,"Blvd Rohrmoser, de Prisma Dental 200 norte y 25 oeste, casa 21",Noelia Villalobos - (506) 2220 0685
Kenya,KAMUNDU ESTATE,SAS: 7417 AB TOP,Sasini Coffee Mill,,Sasini Plc,1800-2100,MT KENYA,SASINI PLC - KAMUNDU ESTATE,132,60 kg,Kenya Coffee Traders Association,2024 / 2025,"March 18th, 2025",Eric Gatheca Gitau,SL28,Completed,Washed / Wet,8.08,7.92,7.67,7.83,8.0,7.92,10.0,10.0,10.0,7.92,0.0,85.33,10.9 %,0 full defects,0,Green,5 full defects,,"March 18th, 2026",Kenya Coffee Traders Association,"P.O. Box 646 00100Nairobi, Kenya, Denniss Pritt Road, Opposite St Georges Girls Secondary School",Benson Kibicho Kamau - +254 786 821 621
Vietnam,Công ty TNHH MTV Rẫy Rừng,A894,Công ty TNHH MTV Rẫy Rừng,,Ray Rung Limited Company,1600,"Thôn Đắk Bờ Rồ, Xã Đắk Tăng, Huyện Kon Plông, Tỉnh Kon Tum",Bùi Lê Băng,300,1 kg,HQJ Coffee School,2024 / 2025,"July 9th, 2025",Thang Ho Hoang Minh,Typica,Completed,Natural / Dry,8.17,7.83,7.75,7.92,7.83,7.83,10.0,10.0,10.0,8.0,0.0,85.33,11 %,0 full defects,0,Green,0 full defects,,"July 9th, 2026",HQJ Coffee School,"738 Su Van Hanh Ward 12, District 10 Hochiminh City Vietnam",Sam Choi - +84 906662008
Guatemala,El Carmen Metzabal,11/63/768,Beneficio Seco (Patios),11/63/768,Asociación Nacional del Cafe,4500-5000,Atitlán,"San Lázaro, S.A.",250,69 kg,Asociacion Nacional Del Café,2024 / 2025,"May 19th, 2025",Evelin Isabel Hernández Paxtor,Catuai,Completed,Washed / Wet,7.75,8.0,7.83,8.0,7.92,7.92,10.0,10.0,10.0,7.83,0.0,85.25,11 %,0 full defects,0,Green,2 full defects,,"May 19th, 2026",Asociacion Nacional Del Café,"5a Calle 0-50, Zona 14 Guatemala City, Guatemala 1014",Byron Castillo - +502 47018080
Taiwan,泥妲咖啡Nita Coffee Manor,2025花蓮縣第九屆精品咖啡評鑑批次,泥妲咖啡Nita Coffee Manor,,Taiwan Coffee Laboratory,600,"Xiulin Township, Hualien County","戴豐秋DAI,FONG-CIOU",1,6 kg,Taiwan Coffee Laboratory 台灣咖啡研究室,2025,"September 12th, 2025",Taiwan Coffee Laboratory 台灣咖啡研究室,Typica,Completed,Washed / Wet,7.92,8.0,7.83,7.92,7.75,7.92,10.0,10.0,10.0,7.92,0.0,85.25,11.6 %,0 full defects,0,Green,0 full defects,,"September 12th, 2026",Taiwan Coffee Laboratory 台灣咖啡研究室,"QAHWAH CO., LTD 4F, No. 225, Sec. 3, Beixin Rd., Xindian Dist. New Taipei City, Taiwan","Lin, Jen-An Neil 林仁安 - 886-289116612"
Vietnam,Intenso Coffee Roasters,A650,Intenso Coffee Roasters,,cong ty tnhh ca phe sach intenso,1550,"Trạm Hành, Cầu Đất, Lâm Đồng",Tạ Tuấn Anh,200,1 kg,HQJ Coffee School,2024 / 2025,"July 9th, 2025",Ta tuan anh,"Moka, Typica",Completed,Natural / Dry,8.08,8.0,7.83,7.83,7.75,7.83,10.0,10.0,10.0,7.92,0.0,85.25,11 %,0 full defects,0,Green,0 full defects,,"July 9th, 2026",HQJ Coffee School,"738 Su Van Hanh Ward 12, District 10 Hochiminh City Vietnam",Sam Choi - +84 906662008
Vietnam,8Ro Company,A304,8Ro Company,,8RoCompany,1400,"Quảng Tín, Đăk Rlấp, Đắk Nông",Đinh Tiên Bảo San,5000,1 kg,HQJ Coffee School,2024 / 2025,"July 9th, 2025",Đinh Tiên Bảo San,Catimor,Completed,Washed / Wet,8.08,8.0,7.83,7.92,7.75,7.83,10.0,10.0,10.0,7.83,0.0,85.25,11 %,0 full defects,0,Green,0 full defects,,"July 9th, 2026",HQJ Coffee School,"738 Su Van Hanh Ward 12, District 10 Hochiminh City Vietnam",Sam Choi - +84 906662008
Cambodia,PIDA COFFEE FARM,AR1,PIDA COFFEE FARM,,Babros Coffee Works,700,Mondulkiri,PIDA COFFEE FARM,3,30 kg,STONE VILLAGE LAB VIETNAM,2024 / 2025,"March 24th, 2025",BABROS COFFEE WORKS,Catimor,Completed,Aerobic natural,7.92,8.0,7.58,8.17,7.75,7.83,10.0,10.0,10.0,7.92,0.0,85.17,12 %,0 full defects,1,Green,0 full defects,,"March 24th, 2026",STONE VILLAGE LAB VIETNAM,THỊ TRẤN MĂNG ĐEN,STONE VILLAGE LAB VIETNAM - 0966005189
Taiwan,九一七農場917 Farm,2025花蓮縣第九屆精品咖啡評鑑批次,九一七農場917 Farm,,Taiwan Coffee Laboratory,300,"Yuli Township, Hualien County","黃怡瑄HUANG,YI-SYUAN",1,6 kg,Taiwan Coffee Laboratory 台灣咖啡研究室,2024,"September 12th, 2025",Taiwan Coffee Laboratory 台灣咖啡研究室,Catimor,Completed,Natural / Dry,7.92,8.0,7.83,7.83,7.75,7.83,10.0,10.0,10.0,8.0,0.0,85.17,12.2 %,0 full defects,0,YELLOWISH,1 full defects,,"September 12th, 2026",Taiwan Coffee Laboratory 台灣咖啡研究室,"QAHWAH CO., LTD 4F, No. 225, Sec. 3, Beixin Rd., Xindian Dist. New Taipei City, Taiwan","Lin, Jen-An Neil 林仁安 - 886-289116612"
Ethiopia,Chelba,AMG/NYCG1/2/25,Chelba washing station,010/0398/0486,Taiwan Coffee Laboratory,1800-2200,SNNP Gedeo Zone Ethiopia,Chelba washing station,840,60 kg,Taiwan Coffee Laboratory 台灣咖啡研究室,2024,"September 26th, 2025",Taiwan Coffee Laboratory 台灣咖啡研究室,Hairloom,Completed,Natural / Dry,7.92,8.0,7.75,7.92,7.92,7.83,10.0,10.0,10.0,7.83,0.0,85.17,10.2 %,0 full defects,0,greenish,2 full defects,,"September 26th, 2026",Taiwan Coffee Laboratory 台灣咖啡研究室,"QAHWAH CO., LTD 4F, No. 225, Sec. 3, Beixin Rd., Xindian Dist. New Taipei City, Taiwan","Lin, Jen-An Neil 林仁安 - 886-289116612"
Kenya,TINGANGA ESTATE,SAS: 7418 AB FAQ,Sasini Coffee Mill,,Sasini Plc,1800-2150,MT KENYA,SASINI PLC - TINGANGA ESTATE,150,60 kg,Kenya Coffee Traders Association,2024 / 2025,"March 18th, 2025",Eric Gatheca Gitau,SL34,Completed,Washed / Wet,8.0,8.0,7.58,7.83,7.92,7.92,10.0,10.0,10.0,7.92,0.0,85.17,11.1 %,0 full defects,0,Green,5 full defects,,"March 18th, 2026",Kenya Coffee Traders Association,"P.O. Box 646 00100Nairobi, Kenya, Denniss Pritt Road, Opposite St Georges Girls Secondary School",Benson Kibicho Kamau - +254 786 821 621
Vietnam,ARA FARM VƯỜN HOÀNG LUẬN,TT02,dry mill,,Total feeling coffee,550,QUANG TRI,ARA FARM VƯỜN HOÀNG LUẬN,1,2 kg,STONE VILLAGE LAB VIETNAM,2024 / 2025,"June 30th, 2025",NGUYEN VAN HOA,Catimor,Completed,Natural / Dry,8.08,7.83,7.75,7.83,7.83,7.92,10.0,10.0,10.0,7.83,0.0,85.08,11.3 %,0 full defects,0,Green,1 full defects,,"June 30th, 2026",STONE VILLAGE LAB VIETNAM,THỊ TRẤN MĂNG ĐEN,STONE VILLAGE LAB VIETNAM - 0966005189
Kenya,KAMUNDU ESTATE,SAS: 7429 AA TOP,Sasini Coffee Mill,,Sasini Plc,1800-2150,MT KENYA,SASINI PLC - KAMUNDU ESTATE,88,60 kg,Kenya Coffee Traders Association,2024 / 2025,"March 25th, 2025",Eric Gatheca Gitau,SL28,Completed,Washed / Wet,7.83,7.75,7.83,8.08,7.83,7.92,10.0,10.0,10.0,7.83,0.0,85.08,11 %,0 full defects,0,Green,1 full defects,,"March 25th, 2026",Kenya Coffee Traders Association,"P.O. Box 646 00100Nairobi, Kenya, Denniss Pritt Road, Opposite St Georges Girls Secondary School",Benson Kibicho Kamau - +254 786 821 621
"Tanzania, United Republic Of",IYENGA,S75511/P06515,CITY COFFEE LTD,,VOLCAFE/TaylorWinch Tanzania Ltd,1624,Mbeya,IYENGA AMCOS,600,30 kg,Kenya Coffee Traders Association,2025 / 2026,"September 4th, 2025",Balam Hinyula,Bourbon,Completed,Washed / Wet,7.92,7.92,7.67,7.83,7.92,7.83,10.0,10.0,10.0,7.92,0.0,85.0,11.2 %,0 full defects,0,Green,5 full defects,,"September 4th, 2026",Kenya Coffee Traders Association,"P.O. Box 646 00100Nairobi, Kenya, Denniss Pritt Road, Opposite St Georges Girls Secondary School",Benson Kibicho Kamau - +254 786 821 621
Thailand,weerasak family,14,Doichang and Pangkhong,,"Neo Java Co., Ltd.",1300,เชียงราย,Weerasak Sathitsapsin,10,100 kg,Specialty Coffee Institute of Thailand,2024 / 2025,"September 23rd, 2025",ShuChan (Jennifer) Lin,Catimor,Completed,Natural / Dry,8.0,8.0,7.83,7.83,7.58,7.83,10.0,10.0,10.0,7.92,0.0,85.0,10.6 %,0 full defects,0,Pale Greenish,4 full defects,,"September 23rd, 2026",Specialty Coffee Institute of Thailand,"No.76-82 Satri Wittaya 2 Soi 6, Ladplao, Bangkok 10230 Thailand","Rinlapat Siwachairot - +66 2 118 0811, +66 926462492"
Kenya,VARIOUS,CN 4124250506 - K33182,KIRINYAGA MILL,37/00045/250506,C.DORMAN SEZ LTD,1600-1800,KIRINYAGA,VARIOUS,600,30 kg,Kenya Coffee Traders Association,2024 / 2025,"February 25th, 2025",Gilbert Maina,SL28,Completed,Washed / Wet,8.08,7.83,7.75,7.67,8.0,7.83,10.0,10.0,10.0,7.83,0.0,85.0,11 %,0 full defects,0,Green,2 full defects,,"February 25th, 2026",Kenya Coffee Traders Association,"P.O. Box 646 00100Nairobi, Kenya, Denniss Pritt Road, Opposite St Georges Girls Secondary School",Benson Kibicho Kamau - +254 786 821 621
Guatemala,Finca Alta Luz,11/63/889,Beneficio Seco (Patios),11/63/889,Asociación Nacional del Cafe,1300-1400,Huehuetenango,María de los Angeles Perez,300,30 kg,Asociacion Nacional Del Café,2024 / 2025,"May 19th, 2025",Evelin Isabel Hernández Paxtor,Bourbon,Completed,Washed / Wet,7.75,8.0,7.67,8.0,7.83,7.92,10.0,10.0,10.0,7.83,0.0,85.0,11.1 %,0 full defects,1,Green,2 full defects,,"May 19th, 2026",Asociacion Nacional Del Café,"5a Calle 0-50, Zona 14 Guatemala City, Guatemala 1014",Byron Castillo - +502 47018080
Colombia,VARIOS,3-01-17557,"ALMACAFE ARMENIA, QUINDIO",3-01-17557,Federación de cafeteros de Colombia,1100 a 1800,QUINDIO,VARIOS,375,70 kg,ASOCIACIÓN COLOMBIANA PARA LA EXCELENCIA DEL CAFE,2024 / 2025,"September 25th, 2025",Camilo Mosquera,Other,Completed,Washed / Wet,8.08,7.83,7.67,7.92,7.92,7.75,10.0,10.0,10.0,7.83,0.0,85.0,10.5 %,0 full defects,0,Green,2 full defects,,"September 25th, 2026",ASOCIACIÓN COLOMBIANA PARA LA EXCELENCIA DEL CAFE,Calle 60A #3D-32 / Planta Baja / CQ Lab ASECC,Carlos Julian Ruiz - 3212026991
Thailand,Yai-Orn,W07,mogojubean,,Yai-orn,1200,Chiangmai,Buachum Jakkaew,4,25 kg,Specialty Coffee Institute of Thailand,2024 / 2025,"August 26th, 2025",Buachum Jakkaew,Mix typica bourbon catuai Caturra,Completed,Washed / Wet,7.92,7.92,7.83,7.83,7.75,7.83,10.0,10.0,10.0,7.92,0.0,85.0,12.6 %,0 full defects,0,Green,0 full defects,,"August 26th, 2026",Specialty Coffee Institute of Thailand,"No.76-82 Satri Wittaya 2 Soi 6, Ladplao, Bangkok 10230 Thailand","Rinlapat Siwachairot - +66 2 118 0811, +66 926462492"
Thailand,Leepee coffee,500,แปรรูป,,เกษตรกร,1400,ภาคเหนือ,dry,20,15 kg,Specialty Coffee Institute of Thailand,2024 / 2025,"August 26th, 2025",อาโช พิสัยเลิศ,Catimor,Completed,Natural / Dry,8.0,8.0,7.75,7.75,8.0,7.67,10.0,10.0,10.0,7.83,0.0,85.0,13.9 %,0 full defects,0,Yellowish,0 full defects,,"August 26th, 2026",Specialty Coffee Institute of Thailand,"No.76-82 Satri Wittaya 2 Soi 6, Ladplao, Bangkok 10230 Thailand","Rinlapat Siwachairot - +66 2 118 0811, +66 926462492"
Thailand,SOFT Coffee,Natural Carbonic,Mogojubean,,SOFT Coffee,1200-1300,Omkoi,Wish Junprasert,3,25 kg,Specialty Coffee Institute of Thailand,2024 / 2025,"August 26th, 2025",Wish Junprasert,Catimor,Completed,Natural / Dry,7.83,7.92,7.83,7.83,7.83,7.83,10.0,10.0,10.0,7.83,0.0,84.92,11.6 %,0 full defects,0,Greenish,0 full defects,,"August 26th, 2026",Specialty Coffee Institute of Thailand,"No.76-82 Satri Wittaya 2 Soi 6, Ladplao, Bangkok 10230 Thailand","Rinlapat Siwachairot - +66 2 118 0811, +66 926462492"
Kenya,KAMUNDU ESTATE,SAS: 7416 AA TOP,Sasini Coffee Mill,,Sasini (K) Limited,1800-2100,MT KENYA,SASINI PLC - KAMUNDU ESTATE,65,60 kg,Kenya Coffee Traders Association,2024 / 2025,"March 18th, 2025",Eric Gatheca Gitau,SL28,Completed,Washed / Wet,8.0,7.83,7.75,7.75,7.75,8.0,10.0,10.0,10.0,7.83,0.0,84.92,10.8 %,0 full defects,0,Greenish,5 full defects,,"March 18th, 2026",Kenya Coffee Traders Association,"P.O. Box 646 00100Nairobi, Kenya, Denniss Pritt Road, Opposite St Georges Girls Secondary School",Benson Kibicho Kamau - +254 786 821 621
Taiwan,卓武山咖啡,C18,卓武山咖啡,,Taiwan Coffee Laboratory,1200,嘉義/阿里山鄉,許峻榮,1,2 kg,Taiwan Coffee Laboratory 台灣咖啡研究室,2024 / 2025,"September 26th, 2025",Taiwan Coffee Laboratory 台灣咖啡研究室,Gesha,Completed,Natural / Dry,7.75,8.0,7.92,7.92,7.67,7.92,10.0,10.0,10.0,7.75,0.0,84.92,9.3 %,0 full defects,0,Green,0 full defects,,"September 26th, 2026",Taiwan Coffee Laboratory 台灣咖啡研究室,"QAHWAH CO., LTD 4F, No. 225, Sec. 3, Beixin Rd., Xindian Dist. New Taipei City, Taiwan","Lin, Jen-An Neil 林仁安 - 886-289116612"
Taiwan,村長天池咖啡(Zhang Chang Tian Chi Coffee Estate),2025臺南市國產精品咖啡評鑑批次,村長天池咖啡(Zhang Chang Tian Chi Coffee Estate),,Taiwan Coffee Laboratory,780,"臺南市東山區 Dongshan Dist., Tainan City","陳水連(Chen,Shuei-Lian)",1,5 kg,Taiwan Coffee Laboratory 台灣咖啡研究室,2024 / 2025,"July 15th, 2025",Taiwan Coffee Laboratory 台灣咖啡研究室,Gesha,Completed,Washed / Wet,7.75,7.83,7.83,7.92,7.58,7.92,10.0,10.0,10.0,8.08,0.0,84.92,10.8 %,0 full defects,0,GREENISH,0 full defects,,"July 15th, 2026",Taiwan Coffee Laboratory 台灣咖啡研究室,"QAHWAH CO., LTD 4F, No. 225, Sec. 3, Beixin Rd., Xindian Dist. New Taipei City, Taiwan","Lin, Jen-An Neil 林仁安 - 886-289116612"
Taiwan,COFEE BERRIES MANOR,C211,COFEE BERRIES MANOR,,Taiwan Coffee Laboratory,1100,"Gukeng Township, Yunlin County","WANG, YING-HUI",1,2 kg,Taiwan Coffee Laboratory 台灣咖啡研究室,2024 / 2025,"September 26th, 2025",Taiwan Coffee Laboratory 台灣咖啡研究室,Gesha,Completed,Pulped natural / honey,7.92,7.92,7.75,7.83,7.83,7.75,10.0,10.0,10.0,7.83,0.0,84.83,10.5 %,0 full defects,1,Green,5 full defects,,"September 26th, 2026",Taiwan Coffee Laboratory 台灣咖啡研究室,"QAHWAH CO., LTD 4F, No. 225, Sec. 3, Beixin Rd., Xindian Dist. New Taipei City, Taiwan","Lin, Jen-An Neil 林仁安 - 886-289116612"
Indonesia,Andi Septiadi,329,Yes,,Andi Septiadi,1400,Indonesia,Andi Septiadi,1,50 kg,EKATA COFFEE CENTER,2024 / 2025,"October 13th, 2025",shameel,Other,Completed,Natural / Dry,7.92,7.92,7.75,8.17,7.5,7.67,10.0,10.0,10.0,7.92,0.0,84.83,11.6 %,0 full defects,0,yellow-green,1 full defects,,"October 13th, 2026",EKATA COFFEE CENTER,"321/1, SIRAGUNDA VILLAGE, KASABA HOBLI, MUGTHIHALLI, CHIKKAMAGALURU, KARNATAKA, 577101",Shameel CP // Vivek Kolathai - +919995959888. - +919746845248
Taiwan,珍富咖啡,C03,珍富咖啡,,Taiwan Coffee Laboratory,1300,嘉義/阿里山鄉,浦珍珠,1,2 kg,Taiwan Coffee Laboratory 台灣咖啡研究室,2024 / 2025,"September 26th, 2025",Taiwan Coffee Laboratory 台灣咖啡研究室,Purpurascens,Completed,Washed / Wet,7.83,7.92,7.83,7.83,7.67,7.83,10.0,10.0,10.0,7.92,0.0,84.83,11.4 %,0 full defects,0,Blue-Green,0 full defects,,"September 26th, 2026",Taiwan Coffee Laboratory 台灣咖啡研究室,"QAHWAH CO., LTD 4F, No. 225, Sec. 3, Beixin Rd., Xindian Dist. New Taipei City, Taiwan","Lin, Jen-An Neil 林仁安 - 886-289116612"
Guatemala,Finca las Brisas y Anexos,11/63/890,Beneficio Seco (Patios),11/63/890,Asociación Nacional del Cafe,1500-1600,Huehuetenango,Hervin Gustavo Aguirre Velásquez,300,30 kg,Asociacion Nacional Del Café,2024 / 2025,"May 19th, 2025",Evelin Isabel Hernández Paxtor,Bourbon,Completed,Washed / Wet,7.83,7.92,7.67,7.92,7.75,7.83,10.0,10.0,10.0,7.92,0.0,84.83,11.1 %,0 full defects,0,Green,4 full defects,,"May 19th, 2026",Asociacion Nacional Del Café,"5a Calle 0-50, Zona 14 Guatemala City, Guatemala 1014",Byron Castillo - +502 47018080
Colombia,VARIOS,3-01-17559,"ALMACAFE ARMENIA, QUINDIO",3-01-17559,Federación de cafeteros de Colombia,1100 a 1800,QUINDIO,VARIOS,375,70 kg,ASOCIACIÓN COLOMBIANA PARA LA EXCELENCIA DEL CAFE,2024 / 2025,"September 26th, 2025",Camilo Mosquera,,Completed,Washed / Wet,7.92,7.92,7.83,7.92,7.75,7.75,10.0,10.0,10.0,7.75,0.0,84.83,10.1 %,0 full defects,0,Green,4 full defects,,"September 26th, 2026",ASOCIACIÓN COLOMBIANA PARA LA EXCELENCIA DEL CAFE,Calle 60A #3D-32 / Planta Baja / CQ Lab ASECC,Carlos Julian Ruiz - 3212026991
Brazil,Ofi - Olam Food Ingredients,S040263-5,Dry Mill,,Olam Specialty Coffee,1100,Cerrado,Ofi - Olam Food Ingredients,1600,96000 kg,Brazil Specialty Coffee Association,2025,"September 23rd, 2025",ADRYELLI CRISTINA SILVA,Catuai,Completed,Natural / Dry,7.67,7.75,7.67,8.0,7.92,7.75,10.0,10.0,10.0,8.08,0.0,84.83,11 %,0 full defects,0,Green,0 full defects,,"September 23rd, 2026",Brazil Specialty Coffee Association,"R Guilherme F Zanatelli - 121, Santa Luiza 121 BSCA - Comercio",Lyvia Camargo - 55 35 3212-4705
Guatemala,Los Quequezques,11/183/11,"Beneficio Santa Rita, S.A",11/183/11,Asociación Nacional del Cafe,1600-1800,San Juan Sacatepéquez,"Agroindustrial Magna, S.A",115,30 kg,Asociacion Nacional Del Café,2024 / 2025,"July 2nd, 2025",Evelin Isabel Hernández Paxtor,Sarchimor,Completed,Washed / Wet,7.83,8.0,7.67,7.75,7.83,7.83,10.0,10.0,10.0,7.83,0.0,84.75,11.2 %,0 full defects,1,Green,4 full defects,,"July 2nd, 2026",Asociacion Nacional Del Café,"5a Calle 0-50, Zona 14 Guatemala City, Guatemala 1014",Byron Castillo - +502 47018080
Taiwan,崁頭山紅楓咖啡(Kan Tou Mountain Coffee),2025臺南市國產精品咖啡評鑑批次,崁頭山紅楓咖啡(Kan Tou Mountain Coffee),,Taiwan Coffee Laboratory,750,"臺南市東山區 Dongshan Dist., Tainan City","郭俊宏 (Kuo,Jun-Hong)",1,5 kg,Taiwan Coffee Laboratory 台灣咖啡研究室,2024 / 2025,"July 15th, 2025",Taiwan Coffee Laboratory 台灣咖啡研究室,Gesha,Completed,Pulped natural / honey,8.0,7.92,7.83,7.58,7.5,7.92,10.0,10.0,10.0,7.92,0.0,84.67,8.9 %,0 full defects,1,YELLOW-GREEN,0 full defects,,"July 15th, 2026",Taiwan Coffee Laboratory 台灣咖啡研究室,"QAHWAH CO., LTD 4F, No. 225, Sec. 3, Beixin Rd., Xindian Dist. New Taipei City, Taiwan","Lin, Jen-An Neil 林仁安 - 886-289116612"
Thailand,Leepee coffee,500,แปรรูป,,เกษตรกร,1400,ภาคเหนือ,wet,20,25 kg,Specialty Coffee Institute of Thailand,2024 / 2025,"August 26th, 2025",อาโช พิสัยเลิศ,Catimor,Completed,Washed / Wet,7.67,7.75,7.67,7.92,7.83,7.92,10.0,10.0,10.0,7.92,0.0,84.67,11.5 %,0 full defects,0,Greenish,0 full defects,,"August 26th, 2026",Specialty Coffee Institute of Thailand,"No.76-82 Satri Wittaya 2 Soi 6, Ladplao, Bangkok 10230 Thailand","Rinlapat Siwachairot - +66 2 118 0811, +66 926462492"
Kenya,KAMUNDU ESTATE,SAS: 7425 AB TOP,Sasini Coffee Mill,,Sasini Plc,1800-2150,MT KENYA,SASINI PLC - KAMUNDU ESTATE,150,60 kg,Kenya Coffee Traders Association,2024 / 2025,"March 25th, 2025",Eric Gatheca Gitau,SL28,Completed,Washed / Wet,7.75,7.92,7.83,7.83,7.67,7.83,10.0,10.0,10.0,7.83,0.0,84.67,11 %,0 full defects,0,Green,5 full defects,,"March 25th, 2026",Kenya Coffee Traders Association,"P.O. Box 646 00100Nairobi, Kenya, Denniss Pritt Road, Opposite St Georges Girls Secondary School",Benson Kibicho Kamau - +254 786 821 621
Vietnam,LE DUC BINH,"Xary village, Huong Phung commune, Huong Hoa district, Quang Tri province",LE DUC BINH FARM,,SARY COOPERATIVE,700,"KHE SANH, QUẢNG TRỊ PROVICE",LE DUC BINH,1,2 kg,STONE VILLAGE LAB VIETNAM,2024 / 2025,"July 14th, 2025",LÊ ĐỨC BÌNH,Catimor,Completed,Natural / Dry,8.17,7.75,7.67,7.75,7.58,7.83,10.0,10.0,10.0,7.83,0.0,84.58,11.9 %,0 full defects,0,Brownish,1 full defects,,"July 14th, 2026",STONE VILLAGE LAB VIETNAM,THỊ TRẤN MĂNG ĐEN,STONE VILLAGE LAB VIETNAM - 0966005189
Taiwan,泥妲咖啡Nita Coffee Manor,2025花蓮縣第九屆精品咖啡評鑑批次,泥妲咖啡Nita Coffee Manor,,Taiwan Coffee Laboratory,400,"Xiulin Township, Hualien County","戴豐秋DAI,FONG-CIOU",1,6 kg,Taiwan Coffee Laboratory 台灣咖啡研究室,2025,"September 12th, 2025",Taiwan Coffee Laboratory 台灣咖啡研究室,"Typica, Geisha",Completed,Natural / Dry,7.83,8.0,7.92,7.67,7.58,7.75,10.0,10.0,10.0,7.83,0.0,84.58,10.1 %,0 full defects,0,YELLOW GREEN,2 full defects,,"September 12th, 2026",Taiwan Coffee Laboratory 台灣咖啡研究室,"QAHWAH CO., LTD 4F, No. 225, Sec. 3, Beixin Rd., Xindian Dist. New Taipei City, Taiwan","Lin, Jen-An Neil 林仁安 - 886-289116612"
Vietnam,LANG BIANG COFFEE PROJECT,AW1,LANG BIANG COFFEE PROJECT,,Babros Coffee Works,1600,"Lac Duong, Lam Dong",YAMAOKA KIYOTAKA,30,30 kg,STONE VILLAGE LAB VIETNAM,2024 / 2025,"May 8th, 2025",BABROS COFFEE WORKS,Catimor,Completed,Anaerobic washed,8.08,7.83,7.67,8.0,7.58,7.67,10.0,10.0,10.0,7.75,0.0,84.58,12 %,0 full defects,0,Green,0 full defects,,"May 8th, 2026",STONE VILLAGE LAB VIETNAM,THỊ TRẤN MĂNG ĐEN,STONE VILLAGE LAB VIETNAM - 0966005189
Guatemala,Finca Peña Blanca y Anexos,11/951/889,Beneficio Las Americas,11/951/889,Asociación Nacional del Cafe,1500,Santa Rosa,Pablo Arturo Chuy Flores,250,35 kg,Asociacion Nacional Del Café,2024 / 2025,"May 27th, 2025",Evelin Isabel Hernández Paxtor,Catuai,Completed,Washed / Wet,7.58,7.83,7.67,7.92,7.75,7.92,10.0,10.0,10.0,7.83,0.0,84.5,10.6 %,0 full defects,5,greenish,10 full defects,,"May 27th, 2026",Asociacion Nacional Del Café,"5a Calle 0-50, Zona 14 Guatemala City, Guatemala 1014",Byron Castillo - +502 47018080
Taiwan,康家放山咖啡Kang Family Coffee Estate,2025花蓮縣第九屆精品咖啡評鑑批次,康家放山咖啡Kang Family Coffee Estate,,Taiwan Coffee Laboratory,200,"Ruisui Township, Hualien County","康振福KANG,JHEN-FU",1,6 kg,Taiwan Coffee Laboratory 台灣咖啡研究室,2024,"September 12th, 2025",Taiwan Coffee Laboratory 台灣咖啡研究室,Caturra,Completed,Natural / Dry,7.92,7.75,7.75,7.75,7.67,7.83,10.0,10.0,10.0,7.83,0.0,84.5,11.1 %,0 full defects,0,YELLOW-GREEN,3 full defects,,"September 12th, 2026",Taiwan Coffee Laboratory 台灣咖啡研究室,"QAHWAH CO., LTD 4F, No. 225, Sec. 3, Beixin Rd., Xindian Dist. New Taipei City, Taiwan","Lin, Jen-An Neil 林仁安 - 886-289116612"
Thailand,SOFT Coffee,Honey Yeast,Mogojubean,,SOFT Coffee,1200-1300,Omkoi,Wish Junprasert,3,25 kg,Specialty Coffee Institute of Thailand,2024 / 2025,"August 26th, 2025",Wish Junprasert,Catimor,Completed,Pulped natural / honey,7.75,8.0,7.42,7.92,7.83,7.75,10.0,10.0,10.0,7.83,0.0,84.5,10.7 %,0 full defects,0,Brownish,3 full defects,,"August 26th, 2026",Specialty Coffee Institute of Thailand,"No.76-82 Satri Wittaya 2 Soi 6, Ladplao, Bangkok 10230 Thailand","Rinlapat Siwachairot - +66 2 118 0811, +66 926462492"
Guatemala,Varias Fincas,2025.233.1,Varios Beneficios,11/15/292,Asociación Nacional del Cafe,1600,Huehuetenango,varios productores,600,30 kg,Asociacion Nacional Del Café,2024 / 2025,"May 2nd, 2025",Evelin Isabel Hernández Paxtor,Caturra,Completed,Washed / Wet,7.67,7.92,7.67,7.92,7.75,7.75,10.0,10.0,10.0,7.83,0.0,84.5,10.4 %,0 full defects,1,Greenish,1 full defects,,"May 2nd, 2026",Asociacion Nacional Del Café,"5a Calle 0-50, Zona 14 Guatemala City, Guatemala 1014",Byron Castillo - +502 47018080
Thailand,Doi Tung Development Project,DT2024/2025 Paraiso Honey Lot ICP,Doi Tung Development Project,,Mae Fah Luang Foundation,850,"Chiang Rai, Thailand",Doi Tung Development Project,1,30 kg,Specialty Coffee Institute of Thailand,2024 / 2025,"August 26th, 2025",Tanawit Thirintong,Paraiso,Completed,Pulped natural / honey,7.83,7.92,7.83,7.92,7.83,7.83,9.33,10.0,10.0,7.92,0.0,84.42,13.3 %,0 full defects,0,Greenish/Fresh,0 full defects,,"August 26th, 2026",Specialty Coffee Institute of Thailand,"No.76-82 Satri Wittaya 2 Soi 6, Ladplao, Bangkok 10230 Thailand","Rinlapat Siwachairot - +66 2 118 0811, +66 926462492"
Taiwan,COFEE BERRIES MANOR,C210,COFEE BERRIES MANOR,,Taiwan Coffee Laboratory,1100,"Gukeng Township, Yunlin County","WANG, YING-HUI",1,2 kg,Taiwan Coffee Laboratory 台灣咖啡研究室,2024 / 2025,"September 26th, 2025",Taiwan Coffee Laboratory 台灣咖啡研究室,Gesha,Completed,Washed / Wet,8.0,7.75,7.75,7.75,7.67,7.75,10.0,10.0,10.0,7.75,0.0,84.42,10.2 %,0 full defects,1,Bluish-Green,5 full defects,,"September 26th, 2026",Taiwan Coffee Laboratory 台灣咖啡研究室,"QAHWAH CO., LTD 4F, No. 225, Sec. 3, Beixin Rd., Xindian Dist. New Taipei City, Taiwan","Lin, Jen-An Neil 林仁安 - 886-289116612"
Brazil,Ofi - Olam Food Ingredients,S040263-2,Dry Mill,,Olam Specialty Coffee,1100,Cerrado,Ofi - Olam Food Ingredients,1600,96000 kg,Brazil Specialty Coffee Association,2025,"September 29th, 2025",ADRYELLI CRISTINA SILVA,Catuai,Completed,Natural / Dry,7.75,7.75,7.67,7.75,7.75,7.75,10.0,10.0,10.0,8.0,0.0,84.42,11.5 %,0 full defects,0,Green,2 full defects,,"September 29th, 2026",Brazil Specialty Coffee Association,"R Guilherme F Zanatelli - 121, Santa Luiza 121 BSCA - Comercio",Lyvia Camargo - 55 35 3212-4705
Taiwan,靜心恬咖啡莊園,902 Typica,益豐機械咖啡豆去皮脫殼機剝殼機兩用設備 100型,,靜心恬咖啡農莊,400,復興區義興部落,歐恩萍,1,5 kg,Blossom Valley International宸嶧國際,2024 / 2025,"March 19th, 2025",靜心恬咖啡農莊,Typica,Completed,Natural / Dry,7.92,7.92,7.83,7.58,7.75,7.67,10.0,10.0,10.0,7.67,0.0,84.33,10.2 %,0 full defects,0,yellow-Green,2 full defects,,"March 19th, 2026",Blossom Valley International宸嶧國際,No.72 Mo-Fan St. Taiwan Zip: 403,Damon Chen陳嘉峻 - +886423022323
Brazil,Ofi - Olam Food Ingredients,S040263-6,Dry Mill,,Olam Specialty Coffee,1100,Cerrado,Ofi - Olam Food Ingredients,1280,76800 kg,Brazil Specialty Coffee Association,2025,"September 22nd, 2025",ADRYELLI CRISTINA SILVA,Catuai,Completed,Natural / Dry,7.83,7.83,7.5,7.75,7.75,7.75,10.0,10.0,10.0,7.92,0.0,84.33,11 %,0 full defects,0,Green,2 full defects,,"September 22nd, 2026",Brazil Specialty Coffee Association,"R Guilherme F Zanatelli - 121, Santa Luiza 121 BSCA - Comercio",Lyvia Camargo - 55 35 3212-4705
Taiwan,高峰咖啡（Gaofeng Coffee）,2025臺南市國產精品咖啡評鑑批次,高峰咖啡（Gaofeng Coffee）,,Taiwan Coffee Laboratory,700,"臺南市東山區 Dongshan Dist., Tainan City","陳斐雯(Chen,Fei-Wen)",1,5 kg,Taiwan Coffee Laboratory 台灣咖啡研究室,2024 / 2025,"July 15th, 2025",Taiwan Coffee Laboratory 台灣咖啡研究室,Gesha,Completed,Washed / Wet,8.17,7.92,8.0,7.75,7.75,7.42,10.0,10.0,10.0,7.33,0.0,84.33,10.6 %,0 full defects,0,GREENISH,0 full defects,,"July 15th, 2026",Taiwan Coffee Laboratory 台灣咖啡研究室,"QAHWAH CO., LTD 4F, No. 225, Sec. 3, Beixin Rd., Xindian Dist. New Taipei City, Taiwan","Lin, Jen-An Neil 林仁安 - 886-289116612"
Taiwan,林鴻任,C07,林鴻任,,Taiwan Coffee Laboratory,1300,嘉義/阿里山鄉,林鴻任,1,2 kg,Taiwan Coffee Laboratory 台灣咖啡研究室,2024 / 2025,"September 26th, 2025",Taiwan Coffee Laboratory 台灣咖啡研究室,Bourbon,Completed,Washed / Wet,7.83,7.67,7.75,7.83,7.67,7.83,10.0,10.0,10.0,7.75,0.0,84.33,9 %,0 full defects,0,Blue-Green,0 full defects,,"September 26th, 2026",Taiwan Coffee Laboratory 台灣咖啡研究室,"QAHWAH CO., LTD 4F, No. 225, Sec. 3, Beixin Rd., Xindian Dist. New Taipei City, Taiwan","Lin, Jen-An Neil 林仁安 - 886-289116612"
Taiwan,富咖有機農場,C109,富咖有機農場,,Taiwan Coffee Laboratory,1200,"嘉義梅山, Meishan, Chiayi",楊仙美,1,2 kg,Taiwan Coffee Laboratory 台灣咖啡研究室,2024 / 2025,"September 18th, 2025",Taiwan Coffee Laboratory 台灣咖啡研究室,SL34,Completed,Washed / Wet,7.75,7.75,7.75,7.75,7.75,7.75,10.0,10.0,10.0,7.75,0.0,84.25,10.3 %,0 full defects,0,Blue-Green,0 full defects,,"September 18th, 2026",Taiwan Coffee Laboratory 台灣咖啡研究室,"QAHWAH CO., LTD 4F, No. 225, Sec. 3, Beixin Rd., Xindian Dist. New Taipei City, Taiwan","Lin, Jen-An Neil 林仁安 - 886-289116612"
Vietnam,Cơ sở sản xuất Cà phê Bana'A,A789,Cơ sở sản xuất Cà phê Bana'A,,banaa company,1330,Tu mơ rông - Kon Tum,Nguyễn Thị Thùy Anh,3000,1 kg,HQJ Coffee School,2024 / 2025,"July 9th, 2025",NGUYEN THI THUY ANH,THA1,Completed,Natural / Dry,7.83,7.75,7.75,7.83,7.58,7.67,10.0,10.0,10.0,7.83,0.0,84.25,11 %,0 full defects,0,Green,0 full defects,,"July 9th, 2026",HQJ Coffee School,"738 Su Van Hanh Ward 12, District 10 Hochiminh City Vietnam",Sam Choi - +84 906662008
Taiwan,鄉庭有機咖啡莊園Siang-Ting Organic Farm,2025花蓮縣第九屆精品咖啡評鑑批次,鄉庭有機咖啡莊園Siang-Ting Organic Farm,,Taiwan Coffee Laboratory,150-170,"Shoufeng Township, Hualien County","張進義JHANG,JIN-YI",1,6 kg,Taiwan Coffee Laboratory 台灣咖啡研究室,2025,"September 12th, 2025",Taiwan Coffee Laboratory 台灣咖啡研究室,Typica,Completed,Pulped natural / honey,7.83,7.67,7.83,7.67,7.67,7.75,10.0,10.0,10.0,7.83,0.0,84.25,11.3 %,0 full defects,0,GREENISH,0 full defects,,"September 12th, 2026",Taiwan Coffee Laboratory 台灣咖啡研究室,"QAHWAH CO., LTD 4F, No. 225, Sec. 3, Beixin Rd., Xindian Dist. New Taipei City, Taiwan","Lin, Jen-An Neil 林仁安 - 886-289116612"
Japan,kakamigaharafarm,2024-2025bourbon,same facility,,tyuubujimuki,34,gifu,tyuubujimuki,1,6 kg,Coffee Quality Union,2024 / 2025,"September 4th, 2025",中部事務機株式会社,Bourbon,Completed,anaerobic,7.75,7.83,7.75,7.75,7.67,7.75,10.0,10.0,10.0,7.75,0.0,84.25,11.4 %,0 full defects,0,Green,2 full defects,,"September 4th, 2026",Coffee Quality Union,3-24-9 Saiwai Otaru Hokkaido,Sakiko Kabeyama -
Taiwan,花蓮縣秀林鄉特用作物(咖啡產銷第一班)The first group of special use in Xiulin Township,2025花蓮縣第九屆精品咖啡評鑑批次,花蓮縣秀林鄉特用作物(咖啡產銷第一班)The first group of special use in Xiulin Township,,Taiwan Coffee Laboratory,200~400,"Xiulin Township, Hualien County","李志祥LI,JHIH-SIANG",1,6 kg,Taiwan Coffee Laboratory 台灣咖啡研究室,2025,"September 12th, 2025",Taiwan Coffee Laboratory 台灣咖啡研究室,Typica,Completed,Natural / Dry,7.67,7.83,7.67,7.92,7.67,7.67,10.0,10.0,10.0,7.83,0.0,84.25,10.2 %,0 full defects,0,YELLOW GREEN,1 full defects,,"September 12th, 2026",Taiwan Coffee Laboratory 台灣咖啡研究室,"QAHWAH CO., LTD 4F, No. 225, Sec. 3, Beixin Rd., Xindian Dist. New Taipei City, Taiwan","Lin, Jen-An Neil 林仁安 - 886-289116612"
Vietnam,Hợp tác xã Mộc Sa Farm,A561,Hợp tác xã Mộc Sa Farm,,Hợp tác xã Mộc Sa Farm,1050,"Xã Bản Lầm, Huyện Thuận Châu, Tỉnh Sơn La",Lương Trung Hiếu,20000,1 kg,HQJ Coffee School,2024 / 2025,"July 9th, 2025",Luong Trung Hieu,Catimor,Completed,Natural / Dry,7.75,7.67,7.67,7.83,7.92,7.75,10.0,10.0,10.0,7.67,0.0,84.25,11 %,0 full defects,0,Green,0 full defects,,"July 9th, 2026",HQJ Coffee School,"738 Su Van Hanh Ward 12, District 10 Hochiminh City Vietnam",Sam Choi - +84 906662008
Taiwan,鄉庭有機咖啡莊園Siang-Ting Organic Farm,2025花蓮縣第九屆精品咖啡評鑑批次,鄉庭有機咖啡莊園Siang-Ting Organic Farm,,Taiwan Coffee Laboratory,150-170,"Shoufeng Township, Hualien County","張進義JHANG,JIN-YI",1,6 kg,Taiwan Coffee Laboratory 台灣咖啡研究室,2024,"September 12th, 2025",Taiwan Coffee Laboratory 台灣咖啡研究室,Typica,Completed,Natural / Dry,7.58,7.92,7.67,7.67,7.83,7.67,10.0,10.0,10.0,7.83,0.0,84.17,11.9 %,0 full defects,0,GREENISH,0 full defects,,"September 12th, 2026",Taiwan Coffee Laboratory 台灣咖啡研究室,"QAHWAH CO., LTD 4F, No. 225, Sec. 3, Beixin Rd., Xindian Dist. New Taipei City, Taiwan","Lin, Jen-An Neil 林仁安 - 886-289116612"
Taiwan,金光明咖啡莊園,C107,金光明咖啡莊園,,Taiwan Coffee Laboratory,500,"南投水里, Shuili, Nantou",陳蒼輝,1,15 kg,Taiwan Coffee Laboratory 台灣咖啡研究室,2020 / 2021,"September 18th, 2025",Taiwan Coffee Laboratory 台灣咖啡研究室,Arabica,Completed,Pulped natural / honey,7.75,7.75,7.67,7.83,7.75,7.75,10.0,10.0,10.0,7.67,0.0,84.17,12 %,61 full defects,0,brownish pale,6 full defects,,"September 18th, 2026",Taiwan Coffee Laboratory 台灣咖啡研究室,"QAHWAH CO., LTD 4F, No. 225, Sec. 3, Beixin Rd., Xindian Dist. New Taipei City, Taiwan","Lin, Jen-An Neil 林仁安 - 886-289116612"
Thailand,Cherdpong Village,1,100kg/hr,,Adnite Ltd.,1500-1600,Nan,Gochgorn Aswapromtada,1,8 kg,Specialty Coffee Institute of Thailand,2025,"August 26th, 2025",Gochgorn Aswapromtada,Java,Completed,Pulped natural / honey,7.67,7.92,7.92,7.58,7.58,7.75,10.0,10.0,10.0,7.75,0.0,84.17,10.2 %,0 full defects,0,Greenish,5 full defects,,"August 26th, 2026",Specialty Coffee Institute of Thailand,"No.76-82 Satri Wittaya 2 Soi 6, Ladplao, Bangkok 10230 Thailand","Rinlapat Siwachairot - +66 2 118 0811, +66 926462492"
Taiwan,瑞亦思．安咖啡莊園(Raise An Coffee Estate),2025臺南市國產精品咖啡評鑑批次,瑞亦思．安咖啡莊園(Raise An Coffee Estate),,Taiwan Coffee Laboratory,700,"臺南市東山區 Dongshan Dist., Tainan City","王中和(WANG,ZHONG-HAN)",1,5 kg,Taiwan Coffee Laboratory 台灣咖啡研究室,2024 / 2025,"July 15th, 2025",Taiwan Coffee Laboratory 台灣咖啡研究室,Gesha+Yellow Bourbon,Completed,Pulped natural / honey,7.67,7.83,7.67,7.75,7.67,7.83,10.0,10.0,10.0,7.75,0.0,84.17,8.6 %,0 full defects,0,GREENISH,0 full defects,,"July 15th, 2026",Taiwan Coffee Laboratory 台灣咖啡研究室,"QAHWAH CO., LTD 4F, No. 225, Sec. 3, Beixin Rd., Xindian Dist. New Taipei City, Taiwan","Lin, Jen-An Neil 林仁安 - 886-289116612"
Taiwan,歐爸的咖啡園（Oppa’s Coffee Farm）,2025臺南市國產精品咖啡評鑑批次,歐爸的咖啡園（Oppa’s Coffee Farm）,,Taiwan Coffee Laboratory,500-600,"臺南市東山區 Dongshan Dist., Tainan City","歐宇倉(Ou,Yu-Tsang )",1,5 kg,Taiwan Coffee Laboratory 台灣咖啡研究室,2024 / 2025,"July 15th, 2025",Taiwan Coffee Laboratory 台灣咖啡研究室,Gesha,Completed,Washed / Wet,7.83,7.75,7.75,7.58,7.75,7.67,10.0,10.0,10.0,7.83,0.0,84.17,11.2 %,0 full defects,2,Green,0 full defects,,"July 15th, 2026",Taiwan Coffee Laboratory 台灣咖啡研究室,"QAHWAH CO., LTD 4F, No. 225, Sec. 3, Beixin Rd., Xindian Dist. New Taipei City, Taiwan","Lin, Jen-An Neil 林仁安 - 886-289116612"
China,The Nest Manor,SJ001,The Nest Manor Dry Mill,,The Nest Manor,1600,"Shuangjiang County, Lincang City, Yunnan Province, China",The Nest Manor,2,2 kg,Torch Coffee Company,2024 / 2025,"July 7th, 2025",Unnop Rattanasorn,Syrina,Completed,Dual Fermentation Honey,7.83,7.67,7.67,7.75,7.58,7.83,10.0,10.0,10.0,7.75,0.0,84.08,10.5 %,0 full defects,0,Blue,0 full defects,,"July 7th, 2026",Torch Coffee Company,云南省普洱市88龙生路公园1号108栋234室炬点咖啡实验室 T Torch Coffee Lab 88 Long Shen Building 105 Suite 234 Rd  Pu'er Yunnan China,Marty Pollack - +86 18287988435
Colombia,VARIOS,3-01-17725,ALMACAFE POPAYAN,3-01-17725,Federación de cafeteros de Colombia,1500,CAUCA,VARIOS,375,70 kg,ASOCIACIÓN COLOMBIANA PARA LA EXCELENCIA DEL CAFE,2024 / 2025,"September 24th, 2025",Camilo Mosquera,VARIOS,Completed,Washed / Wet,7.75,7.75,7.58,7.83,7.58,7.83,10.0,10.0,10.0,7.75,0.0,84.08,10.6 %,0 full defects,0,Green,3 full defects,,"September 24th, 2026",ASOCIACIÓN COLOMBIANA PARA LA EXCELENCIA DEL CAFE,Calle 60A #3D-32 / Planta Baja / CQ Lab ASECC,Carlos Julian Ruiz - 3212026991
Thailand,Ethnic Coffee Mae Hong Son,1,"Mogojubean, Chiang Mai",,Ethnic Coffee Mae Hong Son,1534,"Mae Hong Son, Thailand",Piyamaporn Wanmanee,1,36 kg,Specialty Coffee Institute of Thailand,2025,"August 26th, 2025",Piyamaporn Wanmanee,Bourbon,Completed,Pulped natural / honey,7.67,7.67,7.75,7.83,7.75,7.67,10.0,10.0,10.0,7.75,0.0,84.08,11.4 %,0 full defects,0,Yellowish,0 full defects,,"August 26th, 2026",Specialty Coffee Institute of Thailand,"No.76-82 Satri Wittaya 2 Soi 6, Ladplao, Bangkok 10230 Thailand","Rinlapat Siwachairot - +66 2 118 0811, +66 926462492"
Brazil,Ofi - Olam Food Ingredients,S040263-4,Dry Mill,,Olam Specialty Coffee,1100,Cerrado,Ofi - Olam Food Ingredients,1600,96000 kg,Brazil Specialty Coffee Association,2025,"September 22nd, 2025",ADRYELLI CRISTINA SILVA,Catuai,Completed,Natural / Dry,7.67,7.75,7.67,7.83,7.67,7.67,10.0,10.0,10.0,7.83,0.0,84.08,11.3 %,0 full defects,0,Green,1 full defects,,"September 22nd, 2026",Brazil Specialty Coffee Association,"R Guilherme F Zanatelli - 121, Santa Luiza 121 BSCA - Comercio",Lyvia Camargo - 55 35 3212-4705
Guatemala,Varias Fincas,2025/232/1,El Trébol / Linea Gourmet,2025/232/1,Asociación Nacional del Cafe,1500-1600,Sierra De Las Minas,Varios Productores,300,30 kg,Asociacion Nacional Del Café,2024 / 2025,"March 31st, 2025",Evelin Isabel Hernández Paxtor,Caturra,Completed,Washed / Wet,7.67,7.83,7.5,7.83,7.67,7.83,10.0,10.0,10.0,7.75,0.0,84.08,10.4 %,0 full defects,2,Greenish,2 full defects,,"March 31st, 2026",Asociacion Nacional Del Café,"5a Calle 0-50, Zona 14 Guatemala City, Guatemala 1014",Byron Castillo - +502 47018080
Taiwan,愛姬咖啡莊園Aiji Coffee Estate,2025花蓮縣第九屆精品咖啡評鑑批次,愛姬咖啡莊園Aiji Coffee Estate,,Taiwan Coffee Laboratory,150,"Shoufeng Township, Hualien County","劉孟宗LIOU,MENG-ZONG",1,6 kg,Taiwan Coffee Laboratory 台灣咖啡研究室,2024,"September 12th, 2025",Taiwan Coffee Laboratory 台灣咖啡研究室,Typica,Completed,Natural / Dry,7.75,7.83,7.67,7.75,7.67,7.75,10.0,10.0,10.0,7.67,0.0,84.08,11.7 %,0 full defects,0,GREENISH,0 full defects,,"September 12th, 2026",Taiwan Coffee Laboratory 台灣咖啡研究室,"QAHWAH CO., LTD 4F, No. 225, Sec. 3, Beixin Rd., Xindian Dist. New Taipei City, Taiwan","Lin, Jen-An Neil 林仁安 - 886-289116612"
Taiwan,瑞亦思．安咖啡莊園(Raise An Coffee Estate),2025臺南市國產精品咖啡評鑑批次,瑞亦思．安咖啡莊園(Raise An Coffee Estate),,Taiwan Coffee Laboratory,700,"臺南市東山區 Dongshan Dist., Tainan City","王威騰(Wang,Wei-Teng)",1,5 kg,Taiwan Coffee Laboratory 台灣咖啡研究室,2024 / 2025,"July 15th, 2025",Taiwan Coffee Laboratory 台灣咖啡研究室,Gesha,Completed,Natural / Dry,7.67,7.83,7.75,7.67,7.67,7.75,10.0,10.0,10.0,7.67,0.0,84.0,8.4 %,0 full defects,0,GREENISH,0 full defects,,"July 15th, 2026",Taiwan Coffee Laboratory 台灣咖啡研究室,"QAHWAH CO., LTD 4F, No. 225, Sec. 3, Beixin Rd., Xindian Dist. New Taipei City, Taiwan","Lin, Jen-An Neil 林仁安 - 886-289116612"
Taiwan,志繼168咖啡園,785 SL34,益豐機械咖啡豆去皮脫殼機剝殼機兩用設備 100型,,志繼168咖啡園,580,桃園市復興區志繼部落,黃俊億,1,8 kg,Blossom Valley International宸嶧國際,2024 / 2025,"March 19th, 2025",黃俊億,SL34,Completed,Washed / Wet,7.67,7.75,7.75,7.83,7.58,7.75,10.0,10.0,10.0,7.67,0.0,84.0,11.3 %,0 full defects,0,Bluish-Green,0 full defects,,"March 19th, 2026",Blossom Valley International宸嶧國際,No.72 Mo-Fan St. Taiwan Zip: 403,Damon Chen陳嘉峻 - +886423022323
Colombia,VARIOS,3-01-14220,ALMACAFE BELLO ANTIOQUIA,3-01-14220,Federación de cafeteros de Colombia,1120 A 2060,Antioquia,VARIOS,375,70 kg,ASOCIACIÓN COLOMBIANA PARA LA EXCELENCIA DEL CAFE,2024 / 2025,"May 2nd, 2025",Camilo Mosquera,CASTILLA COLOMBIA,Completed,Washed / Wet,8.0,7.75,7.75,7.67,7.5,7.5,10.0,10.0,10.0,7.83,0.0,84.0,10.7 %,5 full defects,0,Green,6 full defects,,"May 2nd, 2026",ASOCIACIÓN COLOMBIANA PARA LA EXCELENCIA DEL CAFE,Calle 60A #3D-32 / Planta Baja / CQ Lab ASECC,Carlos Julian Ruiz - 3212026991
Brazil,Ofi - Olam Food Ingredients,S040263-3,Dry Mill,,Olam Specialty Coffee,1100,Cerrado,Ofi - Olam Food Ingredients,1600,96000 kg,Brazil Specialty Coffee Association,2025,"September 22nd, 2025",ADRYELLI CRISTINA SILVA,Catuai,Completed,Natural / Dry,7.67,7.67,7.58,7.75,7.75,7.67,10.0,10.0,10.0,7.75,0.0,83.83,11.6 %,0 full defects,1,Green,5 full defects,,"September 22nd, 2026",Brazil Specialty Coffee Association,"R Guilherme F Zanatelli - 121, Santa Luiza 121 BSCA - Comercio",Lyvia Camargo - 55 35 3212-4705
Japan,cactus coffee farm & lab,2,cactus coffee farm & lab,,cactus coffee farm & lab,89,"Okinawa, Japan",Yayoi Nakasone,20,1 kg,Taiwan Coffee Laboratory 台灣咖啡研究室,2025,"September 26th, 2025",Yayoi Nakasone,Mundo Novo,Completed,Natural / Dry,7.58,7.67,7.75,7.58,7.75,7.75,10.0,10.0,10.0,7.75,0.0,83.83,10.6 %,0 full defects,0,Green,0 full defects,,"September 26th, 2026",Taiwan Coffee Laboratory 台灣咖啡研究室,"QAHWAH CO., LTD 4F, No. 225, Sec. 3, Beixin Rd., Xindian Dist. New Taipei City, Taiwan","Lin, Jen-An Neil 林仁安 - 886-289116612"
Kenya,VARIOUS,CN 4124251021/K33713,VARIOUS,,C.Dorman SEZ Limited,1000-5000,CENTRAL KENYA,DORMAN,300,60 kg,Kenya Coffee Traders Association,2024 / 2025,"July 28th, 2025",URBANUS WACHANIA,SL28,Completed,Washed / Wet,7.83,7.58,7.67,8.0,7.58,7.5,10.0,10.0,10.0,7.67,0.0,83.83,11 %,0 full defects,0,Green,1 full defects,,"July 28th, 2026",Kenya Coffee Traders Association,"P.O. Box 646 00100Nairobi, Kenya, Denniss Pritt Road, Opposite St Georges Girls Secondary School",Benson Kibicho Kamau - +254 786 821 621
Taiwan,大手咖啡,C04,大手咖啡,,Taiwan Coffee Laboratory,1250,嘉義/阿里山鄉,楊帛燊,1,2 kg,Taiwan Coffee Laboratory 台灣咖啡研究室,2024 / 2025,"September 26th, 2025",Taiwan Coffee Laboratory 台灣咖啡研究室,SL34,Completed,Washed / Wet,7.92,7.75,7.58,7.67,7.42,7.75,10.0,10.0,10.0,7.75,0.0,83.83,9.3 %,0 full defects,0,Bluish-Green,0 full defects,,"September 26th, 2026",Taiwan Coffee Laboratory 台灣咖啡研究室,"QAHWAH CO., LTD 4F, No. 225, Sec. 3, Beixin Rd., Xindian Dist. New Taipei City, Taiwan","Lin, Jen-An Neil 林仁安 - 886-289116612"
Taiwan,晉揚欣金用心咖啡莊園 JinYunSin Tea Coffee Farm,C101,晉揚欣金用心咖啡莊園 JinYunSin Tea Coffee Farm,,Taiwan Coffee Laboratory,900-1200,"嘉義梅山, Meishan, Chiayi","洪欣延 Hong, Xin-Yan",1,2 kg,Taiwan Coffee Laboratory 台灣咖啡研究室,2024 / 2025,"September 18th, 2025",Taiwan Coffee Laboratory 台灣咖啡研究室,Gesha,Completed,Washed / Wet,7.75,7.75,7.75,7.67,7.5,7.67,10.0,10.0,10.0,7.67,0.0,83.75,11.2 %,0 full defects,0,Blue-Green,14 full defects,,"September 18th, 2026",Taiwan Coffee Laboratory 台灣咖啡研究室,"QAHWAH CO., LTD 4F, No. 225, Sec. 3, Beixin Rd., Xindian Dist. New Taipei City, Taiwan","Lin, Jen-An Neil 林仁安 - 886-289116612"
Guatemala,La Demora,11/951/805,Beneficio Las Americas,11/951/805,Asociación Nacional del Cafe,1500,Santa Rosa,Francisco Amadeo Palencia Rivas,600,30 kg,Asociacion Nacional Del Café,2024 / 2025,"April 23rd, 2025",Evelin Isabel Hernández Paxtor,Catuai,Completed,Washed / Wet,7.67,7.75,7.5,7.83,7.67,7.67,10.0,10.0,10.0,7.67,0.0,83.75,10.5 %,0 full defects,1,Greenish,12 full defects,,"April 23rd, 2026",Asociacion Nacional Del Café,"5a Calle 0-50, Zona 14 Guatemala City, Guatemala 1014",Byron Castillo - +502 47018080
Taiwan,COFEE BERRIES MANOR,C202,"Chiayi Agricultural Experiment Branch, TARI",,Taiwan Coffee Laboratory,1100,"Gukeng Township, Yunlin County","WANG, YING-HUI",1,2 kg,Taiwan Coffee Laboratory 台灣咖啡研究室,2024 / 2025,"September 26th, 2025",Taiwan Coffee Laboratory 台灣咖啡研究室,Gesha,Completed,Pulped natural / honey,7.67,7.75,7.67,7.67,7.75,7.67,10.0,10.0,10.0,7.58,0.0,83.75,10.5 %,0 full defects,0,greenish,2 full defects,,"September 26th, 2026",Taiwan Coffee Laboratory 台灣咖啡研究室,"QAHWAH CO., LTD 4F, No. 225, Sec. 3, Beixin Rd., Xindian Dist. New Taipei City, Taiwan","Lin, Jen-An Neil 林仁安 - 886-289116612"
Japan,Agaribaru Coffee Farm,AGARIBARU-2024-01,Same as farm,,Okinawa Cerrado Cofffee,103,"Nago City,Okinawa,Japan",Narihisa Sueyoshi,1,20 kg,Taiwan Coffee Laboratory 台灣咖啡研究室,2023 / 2024,"July 15th, 2025",Narihisa Sueyoshi,Mundo Novo,Completed,Washed / Wet,7.67,7.67,7.75,7.75,7.58,7.67,10.0,10.0,10.0,7.58,0.0,83.67,10.1 %,0 full defects,0,Green,0 full defects,,"July 15th, 2026",Taiwan Coffee Laboratory 台灣咖啡研究室,"QAHWAH CO., LTD 4F, No. 225, Sec. 3, Beixin Rd., Xindian Dist. New Taipei City, Taiwan","Lin, Jen-An Neil 林仁安 - 886-289116612"
Taiwan,伊德婆娑,C16,伊德婆娑,,Taiwan Coffee Laboratory,1200,嘉義/阿里山鄉,安高信,1,2 kg,Taiwan Coffee Laboratory 台灣咖啡研究室,2024 / 2025,"September 26th, 2025",Taiwan Coffee Laboratory 台灣咖啡研究室,Typica,Completed,Natural / Dry,7.67,7.75,7.67,7.67,7.58,7.67,10.0,10.0,10.0,7.67,0.0,83.67,10.5 %,0 full defects,0,greenish,0 full defects,,"September 26th, 2026",Taiwan Coffee Laboratory 台灣咖啡研究室,"QAHWAH CO., LTD 4F, No. 225, Sec. 3, Beixin Rd., Xindian Dist. New Taipei City, Taiwan","Lin, Jen-An Neil 林仁安 - 886-289116612"
Taiwan,大埤頭農場,C105,大埤頭農場,,Taiwan Coffee Laboratory,200,"新北淡水, Tamsui, New Taipei",林月治,1,2 kg,Taiwan Coffee Laboratory 台灣咖啡研究室,2024 / 2025,"September 18th, 2025",Taiwan Coffee Laboratory 台灣咖啡研究室,Arabica,Completed,Washed / Wet,7.83,7.75,7.58,7.75,7.5,7.67,10.0,10.0,10.0,7.58,0.0,83.67,15.2 %,1 full defects,0,Green,10 full defects,,"September 18th, 2026",Taiwan Coffee Laboratory 台灣咖啡研究室,"QAHWAH CO., LTD 4F, No. 225, Sec. 3, Beixin Rd., Xindian Dist. New Taipei City, Taiwan","Lin, Jen-An Neil 林仁安 - 886-289116612"
"Tanzania, United Republic Of",Mbosho Farm,S75592/P06539,RAFIKI COFFEE LIMITED,AB FAQ,VOLCAFE/TaylorWinch Tanzania Ltd,1500,Kilimanjaro,Mbosho Coffee,320,60 kg,Kenya Coffee Traders Association,2024 / 2025,"April 1st, 2025",Balam Hinyula,Bourbon,Completed,Washed / Wet,7.67,7.58,7.58,7.75,7.67,7.67,10.0,10.0,10.0,7.67,0.0,83.58,11.9 %,0 full defects,0,Green,24 full defects,,"April 1st, 2026",Kenya Coffee Traders Association,"P.O. Box 646 00100Nairobi, Kenya, Denniss Pritt Road, Opposite St Georges Girls Secondary School",Benson Kibicho Kamau - +254 786 821 621
Taiwan,森悅高峰咖啡莊園 Sen Yue High Pk.,C115,森悅高峰咖啡莊園 Sen Yue High Pk.,,Taiwan Coffee Laboratory,1400,"南投仁愛, Ren’ai, Nantou",吳振宏 Chen-Hung Wu,1,15 kg,Taiwan Coffee Laboratory 台灣咖啡研究室,2024 / 2025,"September 18th, 2025",Taiwan Coffee Laboratory 台灣咖啡研究室,SL34,Completed,Washed / Wet,7.83,7.75,7.58,7.58,7.58,7.58,10.0,10.0,10.0,7.58,0.0,83.5,10.5 %,0 full defects,0,Green,0 full defects,,"September 18th, 2026",Taiwan Coffee Laboratory 台灣咖啡研究室,"QAHWAH CO., LTD 4F, No. 225, Sec. 3, Beixin Rd., Xindian Dist. New Taipei City, Taiwan","Lin, Jen-An Neil 林仁安 - 886-289116612"
Indonesia,Lucy Tedjasukmana,417,yes,,Lucy Tedjasukmana,1400,Ciwidey Kab Bandung Jawa Barat,Lucy Tedjasukmana,1,50 kg,EKATA COFFEE CENTER,2024 / 2025,"October 13th, 2025",shameel,Other,Completed,Washed / Wet,7.67,7.67,7.5,7.92,7.42,7.67,10.0,10.0,10.0,7.67,0.0,83.5,10.8 %,0 full defects,0,Bluish-Green,0 full defects,,"October 13th, 2026",EKATA COFFEE CENTER,"321/1, SIRAGUNDA VILLAGE, KASABA HOBLI, MUGTHIHALLI, CHIKKAMAGALURU, KARNATAKA, 577101",Shameel CP // Vivek Kolathai - +919995959888. - +919746845248
Ethiopia,YCFCU Halo Bariti,010/0150/0023,YCFCU Halo Bariti,010/0150/0023,"HARU International Corp, 守成咖啡",1850,Yirgacheffe,YCFCU Halo Bariti,320,60 kg,Taiwan Coffee Laboratory 台灣咖啡研究室,2024 / 2025,"August 20th, 2025",Anderson Wong,Ethiopian Heirlooms,Completed,Washed / Wet,7.75,7.75,7.58,7.75,7.5,7.5,10.0,10.0,10.0,7.67,0.0,83.5,9 %,0 full defects,0,Greenish,1 full defects,,"August 20th, 2026",Taiwan Coffee Laboratory 台灣咖啡研究室,"QAHWAH CO., LTD 4F, No. 225, Sec. 3, Beixin Rd., Xindian Dist. New Taipei City, Taiwan","Lin, Jen-An Neil 林仁安 - 886-289116612"
Taiwan,森悅高峰咖啡莊園 Sen Yue High Pk.,C116,森悅高峰咖啡莊園 Sen Yue High Pk.,,Taiwan Coffee Laboratory,1400,"南投仁愛, Ren’ai, Nantou",吳振宏 Chen-Hung Wu,1,15 kg,Taiwan Coffee Laboratory 台灣咖啡研究室,2024 / 2025,"September 18th, 2025",Taiwan Coffee Laboratory 台灣咖啡研究室,SL34,Completed,Washed / Wet,7.67,7.67,7.58,7.67,7.58,7.67,10.0,10.0,10.0,7.67,0.0,83.5,11.4 %,0 full defects,0,Green,0 full defects,,"September 18th, 2026",Taiwan Coffee Laboratory 台灣咖啡研究室,"QAHWAH CO., LTD 4F, No. 225, Sec. 3, Beixin Rd., Xindian Dist. New Taipei City, Taiwan","Lin, Jen-An Neil 林仁安 - 886-289116612"
Honduras,NO APPLY,239-AA91030-MB5736,BECAMO,,BECAMO,1200,Copan,REGION COFFEE,550,69 kg,Instituto Hondureño del Café,2024 / 2025,"February 14th, 2025",BECAMO SA,SHG,Completed,Washed / Wet,7.75,7.67,7.58,7.58,7.58,7.58,10.0,10.0,10.0,7.67,0.0,83.42,11.3 %,0 full defects,2,Green,5 full defects,,"February 14th, 2026",Instituto Hondureño del Café,"Laboratorio de Control de Calidad de Café ( CNCC), 33 Calle, 1-2 Avenida, Sector El Cacao. San Pedro Sula, Cortes",Ramon Reyes - + 504 9693-9042
Colombia,BERLIN - LA ESTRELLA - LA GUAMERA - CALAMAR,3-0311-02883,TRILLADORA LA MESETA,3-0311-02883,COMPAÑIA CAFETERA LA MESETA SAS,1500,caldas,COMPAÑIA CAFETERA LA MESETA S.A,600,30 kg,ASOCIACIÓN COLOMBIANA PARA LA EXCELENCIA DEL CAFE,2024 / 2025,"September 3rd, 2025",Vicente Antonio Agudelo Londoño,Castillo,Completed,Washed / Wet,7.67,7.75,7.58,7.5,7.58,7.67,10.0,10.0,10.0,7.67,0.0,83.42,11.5 %,0 full defects,0,Green,3 full defects,,"September 3rd, 2026",ASOCIACIÓN COLOMBIANA PARA LA EXCELENCIA DEL CAFE,Calle 60A #3D-32 / Planta Baja / CQ Lab ASECC,Carlos Julian Ruiz - 3212026991
Taiwan,泥妲咖啡,A05,泥妲咖啡,,Taiwan Coffee Laboratory,300-500,花蓮縣秀林鄉,戴豐秋,1,2 kg,Taiwan Coffee Laboratory 台灣咖啡研究室,2024,"September 26th, 2025",Taiwan Coffee Laboratory 台灣咖啡研究室,Typica,Completed,Natural / Dry,7.75,7.67,7.58,7.67,7.58,7.58,10.0,10.0,10.0,7.58,0.0,83.42,10 %,0 full defects,0,Green,0 full defects,,"September 26th, 2026",Taiwan Coffee Laboratory 台灣咖啡研究室,"QAHWAH CO., LTD 4F, No. 225, Sec. 3, Beixin Rd., Xindian Dist. New Taipei City, Taiwan","Lin, Jen-An Neil 林仁安 - 886-289116612"
Colombia,FINCA LAS ACACIAS - VEREDA JUANAMBU,3-59-02970,CARTAGO,3-59-02970,CARCAFE LTDA.,1959,NARIÑO,Segundo Viveros Santa Cruz,600,30 kg,ASOCIACIÓN COLOMBIANA PARA LA EXCELENCIA DEL CAFE,2024 / 2025,"October 7th, 2025",Maria Paz Villada,Caturra,Completed,Washed / Wet,7.75,7.58,7.58,7.67,7.58,7.58,10.0,10.0,10.0,7.58,0.0,83.33,11 %,0 full defects,0,Green,2 full defects,,"October 7th, 2026",ASOCIACIÓN COLOMBIANA PARA LA EXCELENCIA DEL CAFE,Calle 60A #3D-32 / Planta Baja / CQ Lab ASECC,Carlos Julian Ruiz - 3212026991
Taiwan,王煒曜,C15,王煒曜,,Taiwan Coffee Laboratory,1250,嘉義/阿里山鄉,王煒曜,1,2 kg,Taiwan Coffee Laboratory 台灣咖啡研究室,2024 / 2025,"September 26th, 2025",Taiwan Coffee Laboratory 台灣咖啡研究室,Gesha,Completed,Natural / Dry,7.75,7.67,7.67,7.5,7.58,7.58,10.0,10.0,10.0,7.58,0.0,83.33,9.5 %,0 full defects,0,Yellowish,0 full defects,,"September 26th, 2026",Taiwan Coffee Laboratory 台灣咖啡研究室,"QAHWAH CO., LTD 4F, No. 225, Sec. 3, Beixin Rd., Xindian Dist. New Taipei City, Taiwan","Lin, Jen-An Neil 林仁安 - 886-289116612"
Taiwan,COFEE BERRIES MANOR,C204,"Chiayi Agricultural Experiment Branch, TARI",,Taiwan Coffee Laboratory,1100,"Gukeng Township, Yunlin County","WANG, YING-HUI",1,2 kg,Taiwan Coffee Laboratory 台灣咖啡研究室,2024 / 2025,"September 26th, 2025",Taiwan Coffee Laboratory 台灣咖啡研究室,Bourbon,Completed,Washed / Wet,7.67,7.67,7.67,7.58,7.58,7.58,10.0,10.0,10.0,7.58,0.0,83.33,10.1 %,0 full defects,0,greenish,3 full defects,,"September 26th, 2026",Taiwan Coffee Laboratory 台灣咖啡研究室,"QAHWAH CO., LTD 4F, No. 225, Sec. 3, Beixin Rd., Xindian Dist. New Taipei City, Taiwan","Lin, Jen-An Neil 林仁安 - 886-289116612"
Papua New Guinea,AAK ESTATES,AP43,LAHAMENEGU,166/4/42M,"Volcafe Limited, Japan",1500 - 2200,HIGHLANDS,PNGCE,600,30 kg,Coffee Quality Union,2025,"July 23rd, 2025",Volcafe Japan,Arusha,Completed,Washed / Wet,7.67,7.75,7.5,7.75,7.5,7.5,10.0,10.0,10.0,7.67,0.0,83.33,10.6 %,0 full defects,3,Green,5 full defects,,"July 23rd, 2026",Coffee Quality Union,3-24-9 Saiwai Otaru Hokkaido,Sakiko Kabeyama -
Taiwan,泥妲咖啡,A04,泥妲咖啡,,Taiwan Coffee Laboratory,300-500,花蓮縣秀林鄉,戴豐秋,1,2 kg,Taiwan Coffee Laboratory 台灣咖啡研究室,2024,"September 26th, 2025",Taiwan Coffee Laboratory 台灣咖啡研究室,Typica,Completed,Natural / Dry,7.75,7.67,7.58,7.58,7.58,7.58,10.0,10.0,10.0,7.58,0.0,83.33,10.1 %,0 full defects,0,yellow-green,0 full defects,,"September 26th, 2026",Taiwan Coffee Laboratory 台灣咖啡研究室,"QAHWAH CO., LTD 4F, No. 225, Sec. 3, Beixin Rd., Xindian Dist. New Taipei City, Taiwan","Lin, Jen-An Neil 林仁安 - 886-289116612"
"Tanzania, United Republic Of",Burka Coffee Estates Ltd,K33827,NIL,033/DE/006/002,Burka Coffee Estates Ltd,1400,Arusha,Burka Coffee Estates Ltd,600,30 kg,Kenya Coffee Traders Association,2025 / 2026,"September 26th, 2025",Eliaringa E. Macha,Bourbon,Completed,Washed / Wet,7.75,7.5,7.5,7.75,7.75,7.5,10.0,10.0,10.0,7.58,0.0,83.33,11 %,0 full defects,0,Green,0 full defects,,"September 26th, 2026",Kenya Coffee Traders Association,"P.O. Box 646 00100Nairobi, Kenya, Denniss Pritt Road, Opposite St Georges Girls Secondary School",Benson Kibicho Kamau - +254 786 821 621
Brazil,Ofi - Olam Food Ingredients,S040263-1,Dry Mill,,Olam Specialty Coffee,1100,Cerrado,Ofi - Olam Food Ingredients,1600,96000 kg,Brazil Specialty Coffee Association,2025,"September 22nd, 2025",ADRYELLI CRISTINA SILVA,Catuai,Completed,Natural / Dry,7.5,7.58,7.5,7.67,7.67,7.5,10.0,10.0,10.0,7.83,0.0,83.25,11.5 %,0 full defects,1,Green,5 full defects,,"September 22nd, 2026",Brazil Specialty Coffee Association,"R Guilherme F Zanatelli - 121, Santa Luiza 121 BSCA - Comercio",Lyvia Camargo - 55 35 3212-4705
Vietnam,1500m Coffee,A456,1500m Coffee,,Rosa Garden Viet Nam,1650,"Xã Xuân Trường và Xã Xuân Thọ, Thành phố Đà Lạt, tỉnh Lâm Đồng",Nguyễn Thanh Sang,4000,1 kg,HQJ Coffee School,2024 / 2025,"August 18th, 2025",Nguyễn Hương Thi,Catimor,Completed,Natural / Dry,7.83,7.58,7.67,7.58,7.58,7.42,10.0,10.0,10.0,7.58,0.0,83.25,11 %,0 full defects,0,Green,0 full defects,,"August 18th, 2026",HQJ Coffee School,"738 Su Van Hanh Ward 12, District 10 Hochiminh City Vietnam",Sam Choi - +84 906662008
Colombia,La fortaleza,3-0104-00241 Popayán Supremo,Trilladora Pubenza/Café Colsuaves S.A.S,3-0104-00241,Cafe Colsuaves,1700,Popayán Cauca,La fortaleza,530,35 kg,ASOCIACIÓN COLOMBIANA PARA LA EXCELENCIA DEL CAFE,2024 / 2025,"August 21st, 2025",pablo velosa,Caturra,Completed,Washed / Wet,7.75,7.75,7.42,7.75,7.58,7.58,10.0,10.0,10.0,7.42,0.0,83.25,10.7 %,0 full defects,0,Green,2 full defects,,"August 21st, 2026",ASOCIACIÓN COLOMBIANA PARA LA EXCELENCIA DEL CAFE,Calle 60A #3D-32 / Planta Baja / CQ Lab ASECC,Carlos Julian Ruiz - 3212026991
Indonesia,DANIEL SINAGA,3 tons,dry mill,,WARUNG KOPI SYNERGY,1590,Samosir,OLIVER DOHAR A.SIMBOLON,1,2 kg,5758 Coffee Lab,2024 / 2025,"May 29th, 2025",OLIVER DOHAR A.SIMBOLON,Sumatra,Completed,Washed / Wet,7.5,7.58,7.5,7.67,7.58,7.75,10.0,10.0,10.0,7.58,0.0,83.17,13 %,0 full defects,0,Green,5 full defects,,"May 29th, 2026",5758 Coffee Lab,"Rusa Pinus Raya E1-D, Jl. Pinus Raya Barat, Gegerkalong, Kota Bandung, Jawa Barat 40153, Indonesia",Adi W. Taroepratjeka - +62-8122021163
Vietnam,EaTan Cooperative,A1,Dry,,SIMEXCO DAKLAK LTD,850,Đắk Lắk,Hợp tác xã Ea Tân,8,60 kg,STONE VILLAGE LAB VIETNAM,2024 / 2025,"September 29th, 2025",Simexco DakLak,Catimor,Completed,Washed / Wet,7.92,7.67,7.42,7.5,7.58,7.5,10.0,10.0,10.0,7.58,0.0,83.17,12.7 %,0 full defects,0,Greenish,0 full defects,,"September 29th, 2026",STONE VILLAGE LAB VIETNAM,THỊ TRẤN MĂNG ĐEN,STONE VILLAGE LAB VIETNAM - 0966005189
Taiwan,四季紅咖啡,C10,四季紅咖啡,,Taiwan Coffee Laboratory,1200,嘉義/阿里山鄉,徐英文,1,2 kg,Taiwan Coffee Laboratory 台灣咖啡研究室,2024 / 2025,"September 26th, 2025",Taiwan Coffee Laboratory 台灣咖啡研究室,Typica,Completed,Pulped natural / honey,7.58,7.58,7.58,7.67,7.5,7.58,10.0,10.0,10.0,7.58,0.0,83.08,10.1 %,0 full defects,0,Green,0 full defects,,"September 26th, 2026",Taiwan Coffee Laboratory 台灣咖啡研究室,"QAHWAH CO., LTD 4F, No. 225, Sec. 3, Beixin Rd., Xindian Dist. New Taipei City, Taiwan","Lin, Jen-An Neil 林仁安 - 886-289116612"
Taiwan,思黑亞農場,A12,思黑亞農場,,Taiwan Coffee Laboratory,100,花蓮縣秀林鄉,蔡瑞光,1,2 kg,Taiwan Coffee Laboratory 台灣咖啡研究室,2025,"September 26th, 2025",Taiwan Coffee Laboratory 台灣咖啡研究室,Typica,Completed,Natural / Dry,7.75,7.58,7.58,7.67,7.5,7.5,10.0,10.0,10.0,7.5,0.0,83.08,9.6 %,0 full defects,0,greenish,1 full defects,,"September 26th, 2026",Taiwan Coffee Laboratory 台灣咖啡研究室,"QAHWAH CO., LTD 4F, No. 225, Sec. 3, Beixin Rd., Xindian Dist. New Taipei City, Taiwan","Lin, Jen-An Neil 林仁安 - 886-289116612"
Taiwan,森悅高峰咖啡莊園 Sen Yue High Pk.,C114,森悅高峰咖啡莊園 Sen Yue High Pk.,,Taiwan Coffee Laboratory,1350,"南投仁愛, Ren’ai, Nantou",吳振宏 Chen-Hung Wu,1,20 kg,Taiwan Coffee Laboratory 台灣咖啡研究室,2020 / 2021,"September 18th, 2025",Taiwan Coffee Laboratory 台灣咖啡研究室,SL34,Completed,Washed / Wet,7.67,7.67,7.67,7.58,7.42,7.5,10.0,10.0,10.0,7.58,0.0,83.08,10.5 %,0 full defects,0,Green,0 full defects,,"September 18th, 2026",Taiwan Coffee Laboratory 台灣咖啡研究室,"QAHWAH CO., LTD 4F, No. 225, Sec. 3, Beixin Rd., Xindian Dist. New Taipei City, Taiwan","Lin, Jen-An Neil 林仁安 - 886-289116612"
Taiwan,文山咖啡農園,A07,文山咖啡農園,,Taiwan Coffee Laboratory,300,花蓮縣秀林鄉,丁春香,1,2 kg,Taiwan Coffee Laboratory 台灣咖啡研究室,2025,"September 26th, 2025",Taiwan Coffee Laboratory 台灣咖啡研究室,Typica,Completed,Pulped natural / honey,7.67,7.58,7.58,7.5,7.5,7.58,10.0,10.0,10.0,7.5,0.0,82.92,9 %,0 full defects,0,Bluish-Green,1 full defects,,"September 26th, 2026",Taiwan Coffee Laboratory 台灣咖啡研究室,"QAHWAH CO., LTD 4F, No. 225, Sec. 3, Beixin Rd., Xindian Dist. New Taipei City, Taiwan","Lin, Jen-An Neil 林仁安 - 886-289116612"
Taiwan,林秀貞,A02,林秀貞,,Taiwan Coffee Laboratory,100,花蓮縣秀林鄉,林秀貞,1,2 kg,Taiwan Coffee Laboratory 台灣咖啡研究室,2024,"September 26th, 2025",Taiwan Coffee Laboratory 台灣咖啡研究室,Typica,Completed,Washed / Wet,7.58,7.58,7.58,7.58,7.58,7.5,10.0,10.0,10.0,7.5,0.0,82.92,11.9 %,0 full defects,0,Green,0 full defects,,"September 26th, 2026",Taiwan Coffee Laboratory 台灣咖啡研究室,"QAHWAH CO., LTD 4F, No. 225, Sec. 3, Beixin Rd., Xindian Dist. New Taipei City, Taiwan","Lin, Jen-An Neil 林仁安 - 886-289116612"
Uganda,Bugisu Shamba,8515,Kyagalanyi Coffee Limited,,Kyagalanyi Coffee Limited,1700,Mbale,Kyagalanyi Coffee-Mbale Washing Stations,320,60 kg,"Ministry of Agriculture, Animal Industry, and Fisheries (MAAIF)",2024 / 2025,"April 17th, 2025",Awori Patricia,SL14,Completed,Washed / Wet,7.75,7.67,7.5,7.33,7.58,7.58,10.0,10.0,10.0,7.5,0.0,82.92,11.5 %,0 full defects,0,Green,5 full defects,,"April 17th, 2026","Ministry of Agriculture, Animal Industry, and Fisheries (MAAIF)","Coffee House, Plot 35, Jinja Road, P.O. Box 7267, Kampala, Uganda",Brenda Kamara Kemigisha Mangeni - 256773040119
Colombia,VARIOS,3-01-16596,ALMACAFE BELLO ANTIOQUIA,3-01-16596,Federación de cafeteros de Colombia,1120 A 2060,ANTIOQUIA,VARIOS,375,70 kg,ASOCIACIÓN COLOMBIANA PARA LA EXCELENCIA DEL CAFE,2024 / 2025,"September 4th, 2025",Camilo Mosquera,CASTILLA COLOMBIA,Completed,Washed / Wet,7.67,7.58,7.5,7.5,7.5,7.58,10.0,10.0,10.0,7.58,0.0,82.92,10.9 %,0 full defects,0,Green,3 full defects,,"September 4th, 2026",ASOCIACIÓN COLOMBIANA PARA LA EXCELENCIA DEL CAFE,Calle 60A #3D-32 / Planta Baja / CQ Lab ASECC,Carlos Julian Ruiz - 3212026991
Colombia,N / A,3-0068-00474,Popayán,3-0068-00474,ECOM COLOMBIA,1800,Huila,N / A,770,25 kg,ASOCIACIÓN COLOMBIANA PARA LA EXCELENCIA DEL CAFE,2024 / 2025,"June 2nd, 2025",Raúl Vargas,Caturra,Completed,Washed / Wet,7.58,7.5,7.5,7.75,7.42,7.5,10.0,10.0,10.0,7.58,0.0,82.83,11.8 %,1 full defects,0,Green,2 full defects,,"June 2nd, 2026",ASOCIACIÓN COLOMBIANA PARA LA EXCELENCIA DEL CAFE,Calle 60A #3D-32 / Planta Baja / CQ Lab ASECC,Carlos Julian Ruiz - 3212026991
Indonesia,SAHAT MANIK,3 tons,dry mill,,WARUNG KOPI SYNERGY,1550,Samosir,OLIVER DOHAR A.SIMBOLON,1,2 kg,5758 Coffee Lab,2020 / 2021,"May 29th, 2025",OLIVER DOHAR A.SIMBOLON,Sumatra,Completed,Washed / Wet,7.5,7.67,7.33,7.58,7.58,7.58,10.0,10.0,10.0,7.58,0.0,82.83,13.1 %,0 full defects,2,Green,3 full defects,,"May 29th, 2026",5758 Coffee Lab,"Rusa Pinus Raya E1-D, Jl. Pinus Raya Barat, Gegerkalong, Kota Bandung, Jawa Barat 40153, Indonesia",Adi W. Taroepratjeka - +62-8122021163
Nicaragua,La Estrella,S84367- P06654,UCCEI R.L,017-279-452,Panamerican Coffee Trading,1100,JINOTEGA,UCCEI R.L,600,30 kg,Specialty Coffee Association of Costa Rica,2024 / 2025,"August 11th, 2025",Rodrigo Soto,Parainema,Completed,Washed / Wet,7.67,7.58,7.42,7.5,7.58,7.5,10.0,10.0,10.0,7.58,0.0,82.83,10.8 %,0 full defects,1,Green,2 full defects,,"August 11th, 2026",Specialty Coffee Association of Costa Rica,"Blvd Rohrmoser, de Prisma Dental 200 norte y 25 oeste, casa 21",Noelia Villalobos - (506) 2220 0685
Ethiopia,Biru Bekele,2520-0608,wet mill,010/1204/0035,Descafeinadores Mexicano SA. de CV,1800,sidamo,KEFFA COFFEE LLC,302,60 kg,Asociación Mexicana De Cafés y Cafeterías De Especialidad,2024 / 2025,"September 10th, 2025",Descafeinadores Mexicanos S.A de C.V,Ethiopian Heirlooms,Completed,Washed / Wet,7.75,7.75,7.33,7.58,7.42,7.5,10.0,10.0,10.0,7.5,0.0,82.83,11.3 %,0 full defects,19,Blue-Green,5 full defects,,"September 10th, 2026",Asociación Mexicana De Cafés y Cafeterías De Especialidad,Liverpool 91 Col. Juárez,ING. Arturo Hernández Fujigaki - +52 (55) 56984710
Taiwan,COFEE BERRIES MANOR,C203,"Chiayi Agricultural Experiment Branch, TARI",,Taiwan Coffee Laboratory,1100,"Gukeng Township, Yunlin County","WANG, YING-HUI",1,2 kg,Taiwan Coffee Laboratory 台灣咖啡研究室,2024 / 2025,"September 26th, 2025",Taiwan Coffee Laboratory 台灣咖啡研究室,Gesha,Completed,Pulped natural / honey,7.58,7.5,7.58,7.5,7.58,7.5,10.0,10.0,10.0,7.5,0.0,82.75,12 %,0 full defects,0,Yellowish,4 full defects,,"September 26th, 2026",Taiwan Coffee Laboratory 台灣咖啡研究室,"QAHWAH CO., LTD 4F, No. 225, Sec. 3, Beixin Rd., Xindian Dist. New Taipei City, Taiwan","Lin, Jen-An Neil 林仁安 - 886-289116612"
Indonesia,ABDULLAH SITANGGANG,3 tons,dry mill,,WARUNG KOPI SYNERGY,1600,Samosir,OLIVER DOHAR A.SIMBOLON,1,2 kg,5758 Coffee Lab,2024 / 2025,"May 29th, 2025",OLIVER DOHAR A.SIMBOLON,Sumatra,Completed,Washed / Wet,7.58,7.67,7.42,7.58,7.33,7.5,10.0,10.0,10.0,7.67,0.0,82.75,13 %,0 full defects,0,Green,4 full defects,,"May 29th, 2026",5758 Coffee Lab,"Rusa Pinus Raya E1-D, Jl. Pinus Raya Barat, Gegerkalong, Kota Bandung, Jawa Barat 40153, Indonesia",Adi W. Taroepratjeka - +62-8122021163
Taiwan,鄭美珠的黃波旁咖啡莊園Meizhu Zheng's Huang Bourbon Coffee Estate,2025花蓮縣第九屆精品咖啡評鑑批次,鄭美珠的黃波旁咖啡莊園Meizhu Zheng's Huang Bourbon Coffee Estate,,Taiwan Coffee Laboratory,200-300,"Ruisui Township, Hualien County","鄭美珠JHENG,MEI-JHU",1,6 kg,Taiwan Coffee Laboratory 台灣咖啡研究室,2025,"September 17th, 2025",Taiwan Coffee Laboratory 台灣咖啡研究室,Yellow Bourbon,Completed,Washed / Wet,7.58,7.58,7.42,7.5,7.5,7.5,10.0,10.0,10.0,7.58,0.0,82.67,11.3 %,0 full defects,1,GREENISH,1 full defects,,"September 17th, 2026",Taiwan Coffee Laboratory 台灣咖啡研究室,"QAHWAH CO., LTD 4F, No. 225, Sec. 3, Beixin Rd., Xindian Dist. New Taipei City, Taiwan","Lin, Jen-An Neil 林仁安 - 886-289116612"
El Salvador,Agua Caliente,1-48,J J Borja Nathan S.A,9/392/75,Instituto Salvadoreño del Café,1200,Apaneca - Ilamatepec,J J Borja Nathan S.A,600,30 kg,Instituto Salvadoreño del Café,2024 / 2025,"April 30th, 2025",Carlos Roberto Guillen Castro,Bourbon,Completed,Washed / Wet,7.75,7.58,7.33,7.58,7.58,7.33,10.0,10.0,10.0,7.5,0.0,82.67,11.6 %,0 full defects,0,Blue-Green,2 full defects,,"April 30th, 2026",Instituto Salvadoreño del Café,"Final 1a. Av. Norte y 13 Calle Pte., dentro de las instalaciones del MAG",Carlos Guillen - (503) 2505-6600
Taiwan,雨怪有機農場,C117,雨怪有機農場,,Taiwan Coffee Laboratory,100,"宜蘭員山, Yuanshan, Yilan",程朝棟,1,2 kg,Taiwan Coffee Laboratory 台灣咖啡研究室,2024 / 2025,"September 18th, 2025",Taiwan Coffee Laboratory 台灣咖啡研究室,"""Typica 60% SL34 40%""",Completed,Pulped natural / honey,7.75,7.5,7.5,7.58,7.33,7.5,10.0,10.0,10.0,7.5,0.0,82.67,11.8 %,0 full defects,0,greenish,8 full defects,,"September 18th, 2026",Taiwan Coffee Laboratory 台灣咖啡研究室,"QAHWAH CO., LTD 4F, No. 225, Sec. 3, Beixin Rd., Xindian Dist. New Taipei City, Taiwan","Lin, Jen-An Neil 林仁安 - 886-289116612"
Taiwan,臥雲龍頂,C13,臥雲龍頂,,Taiwan Coffee Laboratory,1350,嘉義/番路鄉,鄧朝升,1,2 kg,Taiwan Coffee Laboratory 台灣咖啡研究室,2024 / 2025,"September 26th, 2025",Taiwan Coffee Laboratory 台灣咖啡研究室,Gesha,Completed,Natural / Dry,7.58,7.67,7.5,7.5,7.5,7.42,10.0,10.0,10.0,7.5,0.0,82.67,10.1 %,0 full defects,0,Green,0 full defects,,"September 26th, 2026",Taiwan Coffee Laboratory 台灣咖啡研究室,"QAHWAH CO., LTD 4F, No. 225, Sec. 3, Beixin Rd., Xindian Dist. New Taipei City, Taiwan","Lin, Jen-An Neil 林仁安 - 886-289116612"
Colombia,several farms in Antioquia,3/63/00409,Dry mill in Antioquia,,Marubeni Corporation,1800,Antioquia,Expo cafe,275,70 kg,Coffee Quality Union,2023 / 2024,"February 7th, 2025",Ikuto Uehara,Caturra,Completed,Washed / Wet,7.67,7.58,7.5,7.58,7.33,7.5,10.0,10.0,10.0,7.5,0.0,82.67,11.8 %,0 full defects,1,Green,2 full defects,,"February 7th, 2026",Coffee Quality Union,3-24-9 Saiwai Otaru Hokkaido,Sakiko Kabeyama -
Indonesia,Pulu - Pulu Maria Sina,Pulu-Pulu Washed,Inovasi Kopi,,PT INOVASI KOPI NUSANTARA,1900-2100,"Pulu - Pulu, Toraja Utara",Inovasi Kopi,3,50 kg,5758 Coffee Lab,2024,"February 5th, 2025",Thomas Pangaribuan,Typica,Completed,Washed / Wet,7.5,7.58,7.58,7.42,7.58,7.42,10.0,10.0,10.0,7.58,0.0,82.67,11.9 %,0 full defects,3,Green,3 full defects,,"February 5th, 2026",5758 Coffee Lab,"Rusa Pinus Raya E1-D, Jl. Pinus Raya Barat, Gegerkalong, Kota Bandung, Jawa Barat 40153, Indonesia",Adi W. Taroepratjeka - +62-8122021163
Colombia,Asobombo,3-0104-00023,Trilladora Cafecai,3-0104-00023 Excelso Orgánico JAS,Cafe Colsuaves,1700,Huila Sur,Grupo Asociativo El Bombo Pitalito-Inzá,600,30 kg,ASOCIACIÓN COLOMBIANA PARA LA EXCELENCIA DEL CAFE,2025,"May 8th, 2025",pablo velosa,Caturra,Completed,Washed / Wet,7.75,7.67,7.33,7.5,7.42,7.58,10.0,10.0,10.0,7.42,0.0,82.67,12 %,0 full defects,0,Green,1 full defects,,"May 8th, 2026",ASOCIACIÓN COLOMBIANA PARA LA EXCELENCIA DEL CAFE,Calle 60A #3D-32 / Planta Baja / CQ Lab ASECC,Carlos Julian Ruiz - 3212026991
Nicaragua,PRODECOOP,017/062/163,PRODECOOP,017/062/163,"NIPPON COFFEE TRADING CO.,LTD.",1800,Departamento de Nueva Segovia,PRODECOOP,300,30 kg,Coffee Quality Union,2024,"March 7th, 2025",Yukinobu Ueda,Bourbon,Completed,Washed / Wet,7.58,7.5,7.5,7.5,7.5,7.5,10.0,10.0,10.0,7.58,0.0,82.67,11.4 %,0 full defects,0,Green,1 full defects,,"March 7th, 2026",Coffee Quality Union,3-24-9 Saiwai Otaru Hokkaido,Sakiko Kabeyama -
Kenya,MUGAYA,MUGAYA. AA,KIRINYAGA UNION,,Rockbern Coffee Group Ltd,1620,KIRINYAGA,MUTIRA COOPERATIVE,59,60 kg,Kenya Coffee Traders Association,2024 / 2025,"March 25th, 2025",Rockbern Coffee Group Ltd,SL28,Completed,Washed / Wet,8.0,8.0,8.0,8.0,7.92,8.0,10.0,10.0,6.67,8.08,0.0,82.67,11 %,0 full defects,0,Green,3 full defects,,"March 25th, 2026",Kenya Coffee Traders Association,"P.O. Box 646 00100Nairobi, Kenya, Denniss Pritt Road, Opposite St Georges Girls Secondary School",Benson Kibicho Kamau - +254 786 821 621
Taiwan,COFEE BERRIES MANOR,C214,COFEE BERRIES MANOR,,Taiwan Coffee Laboratory,1100,"Gukeng Township, Yunlin County","WANG, YING-HUI",1,2 kg,Taiwan Coffee Laboratory 台灣咖啡研究室,2024 / 2025,"September 26th, 2025",Taiwan Coffee Laboratory 台灣咖啡研究室,Bourbon,Completed,Pulped natural / honey,7.58,7.58,7.58,7.5,7.42,7.42,10.0,10.0,10.0,7.5,0.0,82.58,10.2 %,0 full defects,0,greenish,1 full defects,,"September 26th, 2026",Taiwan Coffee Laboratory 台灣咖啡研究室,"QAHWAH CO., LTD 4F, No. 225, Sec. 3, Beixin Rd., Xindian Dist. New Taipei City, Taiwan","Lin, Jen-An Neil 林仁安 - 886-289116612"
Costa Rica,"Cafetalera Tirra, S.A - Hacienda Candelaria",11,"Cafetalera Tirra, S.A",,"Cafetalera Tirra, S.A",1220,Palmares - Alajuela,"Cafetalera Tirra, S.A",1,1 kg,Specialty Coffee Association of Costa Rica,2024 / 2025,"February 20th, 2025",Laurence Aeberhard,Caturra,Completed,Pulped natural / honey,7.58,7.58,7.5,7.42,7.5,7.5,10.0,10.0,10.0,7.5,0.0,82.58,10.5 %,0 full defects,9,Yellowish,1 full defects,,"February 20th, 2026",Specialty Coffee Association of Costa Rica,"Blvd Rohrmoser, de Prisma Dental 200 norte y 25 oeste, casa 21",Noelia Villalobos - (506) 2220 0685
Taiwan,八芒星馬耀生態園區Eight-Pointed Star Mayaw Eco-Park,2025花蓮縣第九屆精品咖啡評鑑批次,八芒星馬耀生態園區Eight-Pointed Star Mayaw Eco-Park,,Taiwan Coffee Laboratory,380,"Fenglin Township, Hualien County","馬耀福佑MA YAO,FU-YOU",1,6 kg,Taiwan Coffee Laboratory 台灣咖啡研究室,2024 / 2025,"September 12th, 2025",Taiwan Coffee Laboratory 台灣咖啡研究室,arabica,Completed,Pulped natural / honey,7.67,7.58,7.42,7.5,7.42,7.42,10.0,10.0,10.0,7.5,0.0,82.5,9.6 %,0 full defects,0,GREENISH,1 full defects,,"September 12th, 2026",Taiwan Coffee Laboratory 台灣咖啡研究室,"QAHWAH CO., LTD 4F, No. 225, Sec. 3, Beixin Rd., Xindian Dist. New Taipei City, Taiwan","Lin, Jen-An Neil 林仁安 - 886-289116612"
Mexico,Finca Custepec,350,Exportadora de Café California,016-2028-0350,Exportadora Café California,985,La Concordia,Armando Luis Pohlenz,600,18000 kg,Centro Agroecológico del Café A.C.,2024 / 2025,"May 19th, 2025",ANDREAS KUSSMAUL,Typica,Completed,Washed / Wet,7.5,7.5,7.33,7.58,7.58,7.5,10.0,10.0,10.0,7.5,0.0,82.5,11.2 %,0 full defects,0,Green,2 full defects,,"May 19th, 2026",Centro Agroecológico del Café A.C.,"Instituto de Ecología A. C., Campus III Edificio A Planta Baja Carretera Antigua a Coatepec No. 351 Col. El Haya C.P. 91070 Xalapa, Veracruz, México.",Stephany Escamilla Femat - Tel. +52 228 8421800 Ext. 3092
Colombia,VARIOS,3-01-17558,"ALMACAFE ARMENIA, QUINDIO",3-01-17558,Federación de cafeteros de Colombia,1100 a 1800,QUINDIO,VARIOS,375,70 kg,ASOCIACIÓN COLOMBIANA PARA LA EXCELENCIA DEL CAFE,2024 / 2025,"October 13th, 2025",Camilo Mosquera,,Completed,Washed / Wet,7.58,7.67,7.33,7.5,7.42,7.42,10.0,10.0,10.0,7.5,0.0,82.42,9.9 %,0 full defects,0,Green,4 full defects,,"October 13th, 2026",ASOCIACIÓN COLOMBIANA PARA LA EXCELENCIA DEL CAFE,Calle 60A #3D-32 / Planta Baja / CQ Lab ASECC,Carlos Julian Ruiz - 3212026991
Guatemala,Los Quequezques,11/183/11,"Beneficio Santa Rita, S.A",11/183/11,Asociación Nacional del Cafe,1600-1800,San Juan Sacatepéquez,"Agroindustrial Magna, S.A",115,30 kg,Asociacion Nacional Del Café,2024 / 2025,"June 26th, 2025",Evelin Isabel Hernández Paxtor,Sarchimor,Completed,Washed / Wet,7.75,7.83,7.67,7.83,7.83,7.75,9.33,9.33,10.0,7.75,-0.67,82.42,11.4 %,0 full defects,4,Green,9 full defects,,"June 26th, 2026",Asociacion Nacional Del Café,"5a Calle 0-50, Zona 14 Guatemala City, Guatemala 1014",Byron Castillo - +502 47018080
Taiwan,COFEE BERRIES MANOR,C208,"Chiayi Agricultural Experiment Branch, TARI",,Taiwan Coffee Laboratory,1100,"Gukeng Township, Yunlin County","WANG, YING-HUI",1,2 kg,Taiwan Coffee Laboratory 台灣咖啡研究室,2024 / 2025,"September 26th, 2025",Taiwan Coffee Laboratory 台灣咖啡研究室,Typica,Completed,Pulped natural / honey,7.5,7.42,7.42,7.5,7.58,7.5,10.0,10.0,10.0,7.42,0.0,82.33,9.5 %,0 full defects,0,Green,2 full defects,,"September 26th, 2026",Taiwan Coffee Laboratory 台灣咖啡研究室,"QAHWAH CO., LTD 4F, No. 225, Sec. 3, Beixin Rd., Xindian Dist. New Taipei City, Taiwan","Lin, Jen-An Neil 林仁安 - 886-289116612"
Taiwan,COFEE BERRIES MANOR,C215,COFEE BERRIES MANOR,,Taiwan Coffee Laboratory,1100,"Gukeng Township, Yunlin County","WANG, YING-HUI",1,2 kg,Taiwan Coffee Laboratory 台灣咖啡研究室,2024 / 2025,"September 26th, 2025",Taiwan Coffee Laboratory 台灣咖啡研究室,Bourbon,Completed,Natural / Dry,7.58,7.5,7.5,7.5,7.42,7.42,10.0,10.0,10.0,7.42,0.0,82.33,12.1 %,0 full defects,1,Yellowish,9 full defects,,"September 26th, 2026",Taiwan Coffee Laboratory 台灣咖啡研究室,"QAHWAH CO., LTD 4F, No. 225, Sec. 3, Beixin Rd., Xindian Dist. New Taipei City, Taiwan","Lin, Jen-An Neil 林仁安 - 886-289116612"
Taiwan,泥妲咖啡,A09,泥妲咖啡,,Taiwan Coffee Laboratory,300-500,花蓮縣秀林鄉,戴豐秋,1,2 kg,Taiwan Coffee Laboratory 台灣咖啡研究室,2024,"September 26th, 2025",Taiwan Coffee Laboratory 台灣咖啡研究室,Typica,Completed,Natural / Dry,7.67,7.42,7.42,7.58,7.42,7.42,10.0,10.0,10.0,7.42,0.0,82.33,11.7 %,0 full defects,0,greenish,0 full defects,,"September 26th, 2026",Taiwan Coffee Laboratory 台灣咖啡研究室,"QAHWAH CO., LTD 4F, No. 225, Sec. 3, Beixin Rd., Xindian Dist. New Taipei City, Taiwan","Lin, Jen-An Neil 林仁安 - 886-289116612"
Sri Lanka,Beramana Union,Beramana South,Helanta Mills,,Dickwells Coffee,1150,Kothmale Valley,Tharanga Ranjith,20,600 kg,SOCOF Lab,2024 / 2025,"June 2nd, 2025",Dave O'Connor,"S9, HDT, Catimor",Completed,Anaerobic Natural 90hrs,7.58,7.42,7.42,7.5,7.42,7.42,10.0,10.0,10.0,7.5,0.0,82.25,10.5 %,0 full defects,0,Green,1 full defects,,"June 2nd, 2026",SOCOF Lab,"(Ministry of Roasters)199 Chang Moi , Mueng Chiang Mai, 53000 Thailand",Anuwat Kobnampetch - whatsapp +66 925524446
Indonesia,MANTUA SINAGA,-,dry mill,,WARUNG KOPI SYNERGY,1680,Samosir,OLIVER DOHAR A.SIMBOLON,1,2 kg,5758 Coffee Lab,2024 / 2025,"June 25th, 2025",OLIVER DOHAR A.SIMBOLON,Sumatra,Completed,Washed / Wet,7.58,7.58,7.33,7.42,7.33,7.5,10.0,10.0,10.0,7.42,0.0,82.17,14.4 %,0 full defects,1,Green,5 full defects,,"June 25th, 2026",5758 Coffee Lab,"Rusa Pinus Raya E1-D, Jl. Pinus Raya Barat, Gegerkalong, Kota Bandung, Jawa Barat 40153, Indonesia",Adi W. Taroepratjeka - +62-8122021163
Vietnam,Apollo Estate,Apollo CD washed 2024,Dry mill,,Công Ty TNHH APOLLO,>1000,Dalat,"Yeh, Li Chuan",1,2 kg,Vietnam Commodity Control & Certification Joint Stock Company (VCC&C),2024 / 2025,"March 5th, 2025","Sunvirtue Co., Ltd",Catimor,Completed,Washed / Wet,7.5,7.42,7.33,7.5,7.42,7.5,10.0,10.0,10.0,7.5,0.0,82.17,11.6 %,0 full defects,0,Green,1 full defects,,"March 5th, 2026",Vietnam Commodity Control & Certification Joint Stock Company (VCC&C),"1 G Dinh Bo Linh Street, 15 ward, Binh Thanh District, Ho Chi Minh City","Hai,Tran Quang. - 84 8 98 967 8708"
Taiwan,卓武山咖啡,C11,卓武山咖啡,,Taiwan Coffee Laboratory,1200,嘉義/阿里山鄉,許峻榮,1,2 kg,Taiwan Coffee Laboratory 台灣咖啡研究室,2024 / 2025,"September 26th, 2025",Taiwan Coffee Laboratory 台灣咖啡研究室,Typica,Completed,Pulped natural / honey,7.58,7.58,7.33,7.5,7.33,7.42,10.0,10.0,10.0,7.42,0.0,82.17,11.1 %,0 full defects,0,Pale Yellow,0 full defects,,"September 26th, 2026",Taiwan Coffee Laboratory 台灣咖啡研究室,"QAHWAH CO., LTD 4F, No. 225, Sec. 3, Beixin Rd., Xindian Dist. New Taipei City, Taiwan","Lin, Jen-An Neil 林仁安 - 886-289116612"
Indonesia,Gandasil,Gandasil Natural,Inovasi Kopi,,PT INOVASI KOPI NUSANTARA,1600,"Gandang Batu Sillanan, Tana Toraja",Inovasi Kopi,1,50 kg,5758 Coffee Lab,2024,"February 5th, 2025",Thomas Pangaribuan,Sulawesi,Completed,Natural / Dry,7.67,7.5,7.33,7.5,7.33,7.42,10.0,10.0,10.0,7.42,0.0,82.17,12.2 %,0 full defects,2,Green,2 full defects,,"February 5th, 2026",5758 Coffee Lab,"Rusa Pinus Raya E1-D, Jl. Pinus Raya Barat, Gegerkalong, Kota Bandung, Jawa Barat 40153, Indonesia",Adi W. Taroepratjeka - +62-8122021163
Colombia,VARIOS,3-01-13645,ALMACAFE PEREIRA,3-01-13645,Federación de cafeteros de Colombia,1100 a 1800,RISARALDA,VARIOS,375,70 kg,ASOCIACIÓN COLOMBIANA PARA LA EXCELENCIA DEL CAFE,2020 / 2021,"May 27th, 2025",Camilo Mosquera,,Completed,Washed / Wet,7.5,7.5,7.33,7.42,7.42,7.42,10.0,10.0,10.0,7.5,0.0,82.08,10.2 %,5 full defects,18,Green,16 full defects,,"May 27th, 2026",ASOCIACIÓN COLOMBIANA PARA LA EXCELENCIA DEL CAFE,Calle 60A #3D-32 / Planta Baja / CQ Lab ASECC,Carlos Julian Ruiz - 3212026991
Taiwan,曙光的故鄉The Land of Dawn,2025花蓮縣第九屆精品咖啡評鑑批次,曙光的故鄉The Land of Dawn,,Taiwan Coffee Laboratory,230,"Ruisui Township, Hualien County","王登飛WANG,DENG-FEI",1,6 kg,Taiwan Coffee Laboratory 台灣咖啡研究室,2024,"September 12th, 2025",Taiwan Coffee Laboratory 台灣咖啡研究室,Typica,Completed,Washed / Wet,7.58,7.42,7.33,7.33,7.42,7.5,10.0,10.0,10.0,7.5,0.0,82.08,12.9 %,0 full defects,0,Blue-Green,0 full defects,,"September 12th, 2026",Taiwan Coffee Laboratory 台灣咖啡研究室,"QAHWAH CO., LTD 4F, No. 225, Sec. 3, Beixin Rd., Xindian Dist. New Taipei City, Taiwan","Lin, Jen-An Neil 林仁安 - 886-289116612"
Indonesia,BCE Cimenyan,Mekarmanik Natural,Inovasi Kopi,,PT INOVASI KOPI NUSANTARA,1180,"Mekarmanik, Jawa Barat",Inovasi Kopi,4,50 kg,5758 Coffee Lab,2024,"February 4th, 2025",Thomas Pangaribuan,Sumatra Lintong,Completed,Natural / Dry,7.42,7.58,7.33,7.58,7.5,7.33,10.0,10.0,10.0,7.33,0.0,82.08,12.2 %,0 full defects,0,Pale Yellow,5 full defects,,"February 4th, 2026",5758 Coffee Lab,"Rusa Pinus Raya E1-D, Jl. Pinus Raya Barat, Gegerkalong, Kota Bandung, Jawa Barat 40153, Indonesia",Adi W. Taroepratjeka - +62-8122021163
Vietnam,ThyThy Farm,Starmaya,Hulling Facility,,ThyThy Farm,1550,"Tram Hanh, Da Lat City",ThyThy Farm,1,60 kg,STONE VILLAGE LAB VIETNAM,2024 / 2025,"May 19th, 2025",ta anh,Starmaya,Completed,Natural / Dry,7.67,7.58,7.17,7.58,7.42,7.25,10.0,10.0,10.0,7.33,0.0,82.0,12.5 %,0 full defects,1,Green,1 full defects,,"May 19th, 2026",STONE VILLAGE LAB VIETNAM,THỊ TRẤN MĂNG ĐEN,STONE VILLAGE LAB VIETNAM - 0966005189
Vietnam,Khang Roastery,1,Dry mill,,Khang Roastery,1450,"Núi Min, xã Trạm Hành, Thành phố Đà Lạt, tỉnh Lâm Đồng",Huỳnh Nguyễn Trà My,1,2 kg,HQJ Coffee School,2025 / 2026,"April 7th, 2025",Huynh Nguyen Tra My,Catimor,Completed,Natural / Dry,7.42,7.5,7.33,7.5,7.33,7.5,10.0,10.0,10.0,7.42,0.0,82.0,12 %,0 full defects,0,Green,1 full defects,,"April 7th, 2026",HQJ Coffee School,"738 Su Van Hanh Ward 12, District 10 Hochiminh City Vietnam",Sam Choi - +84 906662008
Taiwan,COFEE BERRIES MANOR,C212,COFEE BERRIES MANOR,,Taiwan Coffee Laboratory,1100,"Gukeng Township, Yunlin County","WANG, YING-HUI",1,2 kg,Taiwan Coffee Laboratory 台灣咖啡研究室,2024 / 2025,"September 26th, 2025",Taiwan Coffee Laboratory 台灣咖啡研究室,Gesha,Completed,Natural / Dry,7.67,7.5,7.42,7.25,7.5,7.25,10.0,10.0,10.0,7.33,0.0,81.92,10.5 %,10 full defects,0,Brownish,2 full defects,,"September 26th, 2026",Taiwan Coffee Laboratory 台灣咖啡研究室,"QAHWAH CO., LTD 4F, No. 225, Sec. 3, Beixin Rd., Xindian Dist. New Taipei City, Taiwan","Lin, Jen-An Neil 林仁安 - 886-289116612"
Vietnam,Apollo Estate,Apollo honey 2024,Dry mill,,Công Ty TNHH APOLLO,>1000,Dalat,"Yeh, Li Chuan",1,2 kg,Vietnam Commodity Control & Certification Joint Stock Company (VCC&C),2024 / 2025,"March 5th, 2025","Sunvirtue Co., Ltd",Catimor,Completed,Pulped natural / honey,7.5,7.42,7.33,7.5,7.33,7.33,10.0,10.0,10.0,7.5,0.0,81.92,11.1 %,0 full defects,0,Green,0 full defects,,"March 5th, 2026",Vietnam Commodity Control & Certification Joint Stock Company (VCC&C),"1 G Dinh Bo Linh Street, 15 ward, Binh Thanh District, Ho Chi Minh City","Hai,Tran Quang. - 84 8 98 967 8708"
Colombia,VARIOS,3-01-13645,ALMACAFE PEREIRA,3-01-13645,Federación de cafeteros de Colombia,1100 a 1800,RISARALDA,VARIOS,375,70 kg,ASOCIACIÓN COLOMBIANA PARA LA EXCELENCIA DEL CAFE,2024 / 2025,"May 30th, 2025",Camilo Mosquera,VARIOS,Completed,Washed / Wet,7.42,7.25,7.42,7.5,7.42,7.42,10.0,10.0,10.0,7.42,0.0,81.83,11.4 %,0 full defects,0,Green,2 full defects,,"May 30th, 2026",ASOCIACIÓN COLOMBIANA PARA LA EXCELENCIA DEL CAFE,Calle 60A #3D-32 / Planta Baja / CQ Lab ASECC,Carlos Julian Ruiz - 3212026991
Thailand,weerasak family,22,Doichang and Pangkhong,,"Neo Java Co., Ltd.",1300,เชียงราย,Weerasak Sathitsapsin,10,100 kg,Specialty Coffee Institute of Thailand,2024 / 2025,"September 23rd, 2025",ShuChan (Jennifer) Lin,Catimor,Completed,Washed / Wet,7.5,7.5,7.25,7.42,7.58,7.25,10.0,10.0,10.0,7.33,0.0,81.83,10 %,0 full defects,0,Green,1 full defects,,"September 23rd, 2026",Specialty Coffee Institute of Thailand,"No.76-82 Satri Wittaya 2 Soi 6, Ladplao, Bangkok 10230 Thailand","Rinlapat Siwachairot - +66 2 118 0811, +66 926462492"
Taiwan,周幼妹,A01,周幼妹,,Taiwan Coffee Laboratory,450,花蓮縣秀林鄉,周幼妹,1,2 kg,Taiwan Coffee Laboratory 台灣咖啡研究室,2024,"September 26th, 2025",Taiwan Coffee Laboratory 台灣咖啡研究室,Gesha,Completed,Natural / Dry,7.58,7.42,7.33,7.33,7.42,7.33,10.0,10.0,10.0,7.42,0.0,81.83,11.3 %,0 full defects,0,greenish,0 full defects,,"September 26th, 2026",Taiwan Coffee Laboratory 台灣咖啡研究室,"QAHWAH CO., LTD 4F, No. 225, Sec. 3, Beixin Rd., Xindian Dist. New Taipei City, Taiwan","Lin, Jen-An Neil 林仁安 - 886-289116612"
Taiwan,四季紅咖啡,C01,四季紅咖啡,,Taiwan Coffee Laboratory,1200,嘉義/阿里山鄉,徐英文,1,2 kg,Taiwan Coffee Laboratory 台灣咖啡研究室,2024 / 2025,"September 26th, 2025",Taiwan Coffee Laboratory 台灣咖啡研究室,Villa Sarchi,Completed,Washed / Wet,7.5,7.42,7.33,7.33,7.42,7.42,10.0,10.0,10.0,7.42,0.0,81.83,11.3 %,0 full defects,0,Green,2 full defects,,"September 26th, 2026",Taiwan Coffee Laboratory 台灣咖啡研究室,"QAHWAH CO., LTD 4F, No. 225, Sec. 3, Beixin Rd., Xindian Dist. New Taipei City, Taiwan","Lin, Jen-An Neil 林仁安 - 886-289116612"
Colombia,VARIOS,3-01-17560,"ALMACAFE ARMENIA, QUINDIO",3-01-17560,Federación de cafeteros de Colombia,1100 a 1800,SOACHA,VARIOS,375,70 kg,ASOCIACIÓN COLOMBIANA PARA LA EXCELENCIA DEL CAFE,2024 / 2025,"September 26th, 2025",Camilo Mosquera,,Completed,Washed / Wet,7.5,7.42,7.17,7.5,7.5,7.42,10.0,10.0,10.0,7.33,0.0,81.83,11.1 %,0 full defects,0,Green,3 full defects,,"September 26th, 2026",ASOCIACIÓN COLOMBIANA PARA LA EXCELENCIA DEL CAFE,Calle 60A #3D-32 / Planta Baja / CQ Lab ASECC,Carlos Julian Ruiz - 3212026991
Indonesia,Awan Honey,Awan Honey,Inovasi Kopi,,PT INOVASI KOPI NUSANTARA,1750,"Awan, Rantekarua, Toraja Utara",Inovasi Kopi,1,50 kg,5758 Coffee Lab,2024,"February 4th, 2025",Thomas Pangaribuan,"Lini S, Typica Mixed",Completed,Honey Process,7.5,7.42,7.17,7.67,7.25,7.33,10.0,10.0,10.0,7.33,0.0,81.67,12.2 %,0 full defects,0,Green,2 full defects,,"February 4th, 2026",5758 Coffee Lab,"Rusa Pinus Raya E1-D, Jl. Pinus Raya Barat, Gegerkalong, Kota Bandung, Jawa Barat 40153, Indonesia",Adi W. Taroepratjeka - +62-8122021163
Taiwan,COFEE BERRIES MANOR,C206,"Chiayi Agricultural Experiment Branch, TARI",,Taiwan Coffee Laboratory,1100,"Gukeng Township, Yunlin County","WANG, YING-HUI",1,2 kg,Taiwan Coffee Laboratory 台灣咖啡研究室,2024 / 2025,"September 26th, 2025",Taiwan Coffee Laboratory 台灣咖啡研究室,Bourbon,Completed,Natural / Dry,7.42,7.5,7.5,7.25,7.33,7.33,10.0,10.0,10.0,7.33,0.0,81.67,11.2 %,0 full defects,1,greenish,4 full defects,,"September 26th, 2026",Taiwan Coffee Laboratory 台灣咖啡研究室,"QAHWAH CO., LTD 4F, No. 225, Sec. 3, Beixin Rd., Xindian Dist. New Taipei City, Taiwan","Lin, Jen-An Neil 林仁安 - 886-289116612"
Taiwan,薩庫拉農場,A03,薩庫拉農場,,Taiwan Coffee Laboratory,400,花蓮縣秀林鄉,胡智盛,1,2 kg,Taiwan Coffee Laboratory 台灣咖啡研究室,2025,"September 26th, 2025",Taiwan Coffee Laboratory 台灣咖啡研究室,Typica,Completed,Washed / Wet,7.42,7.42,7.33,7.5,7.33,7.33,10.0,10.0,10.0,7.33,0.0,81.67,9 %,0 full defects,0,bluish-green,0 full defects,,"September 26th, 2026",Taiwan Coffee Laboratory 台灣咖啡研究室,"QAHWAH CO., LTD 4F, No. 225, Sec. 3, Beixin Rd., Xindian Dist. New Taipei City, Taiwan","Lin, Jen-An Neil 林仁安 - 886-289116612"
Taiwan,山純居自然農園,C106,山純居自然農園,,Taiwan Coffee Laboratory,1200,"嘉義阿里山, Alishan, Chiayi",楊永勝,1,50 kg,Taiwan Coffee Laboratory 台灣咖啡研究室,2024 / 2025,"September 18th, 2025",Taiwan Coffee Laboratory 台灣咖啡研究室,Typica,Completed,Pulped natural / honey,7.42,7.33,7.25,7.5,7.33,7.42,10.0,10.0,10.0,7.33,0.0,81.58,11.2 %,0 full defects,0,greenish,0 full defects,,"September 18th, 2026",Taiwan Coffee Laboratory 台灣咖啡研究室,"QAHWAH CO., LTD 4F, No. 225, Sec. 3, Beixin Rd., Xindian Dist. New Taipei City, Taiwan","Lin, Jen-An Neil 林仁安 - 886-289116612"
Vietnam,Công ty Cổ phần Hạt Rừng,A654,Công ty Cổ phần Hạt Rừng,,THE FOREST BEANS JOINT STOCK COMPANY,1580,"Thôn Trường Sơn, Xã Xuân Trường, Đà Lạt, Lâm Đồng",Nguyễn Hữu Yên,3000,1 kg,HQJ Coffee School,2024 / 2025,"July 9th, 2025",Hạt Rừng,Catimor,Completed,Washed / Wet,8.25,8.17,7.92,8.17,8.08,8.0,10.0,10.0,10.0,8.17,0.0,86.75,11 %,0 full defects,0,Green,0 full defects,,"July 9th, 2026",HQJ Coffee School,"738 Su Van Hanh Ward 12, District 10 Hochiminh City Vietnam",Sam Choi - +84 906662008
Taiwan,COFEE BERRIES MANOR,C207,"Chiayi Agricultural Experiment Branch, TARI",,Taiwan Coffee Laboratory,1100,"Gukeng Township, Yunlin County","WANG, YING-HUI",1,2 kg,Taiwan Coffee Laboratory 台灣咖啡研究室,2024 / 2025,"September 26th, 2025",Taiwan Coffee Laboratory 台灣咖啡研究室,Typica,Completed,Washed / Wet,7.42,7.33,7.33,7.42,7.42,7.33,10.0,10.0,10.0,7.33,0.0,81.58,10.4 %,0 full defects,0,greenish,5 full defects,,"September 26th, 2026",Taiwan Coffee Laboratory 台灣咖啡研究室,"QAHWAH CO., LTD 4F, No. 225, Sec. 3, Beixin Rd., Xindian Dist. New Taipei City, Taiwan","Lin, Jen-An Neil 林仁安 - 886-289116612"
Brazil,Various,Various,"Japy Industrial Complex - RODOVIA BR 146, # 100 - GUAXUPÉ/MG/BRASIL – CEP 37836-684 - CNPJ: 20.770.566/0086-07",002/460-0/1026,Azul Kaffee GmbH & Co. KG,800-1200,Various,COOP REG DE CAFEIC EM GUAXUPE LTDA.,360,60 kg,NKG Quality Service (a division of Bernhard Rothfos Intercafé AG),2024 / 2025,"April 2nd, 2025",Yadwinder Sangha,Santos,Completed,Natural / Dry,7.25,7.42,7.17,7.25,7.67,7.42,10.0,10.0,10.0,7.33,0.0,81.5,10.7 %,0 full defects,3,Green,6 full defects,,"April 2nd, 2026",NKG Quality Service (a division of Bernhard Rothfos Intercafé AG),"Bahnhofstrasse 22 6300 Zug, Switzerland",Catherine Queiroz - +41 41 728 72 81
Peru,Regional blend,S0000270,Planta Volcafe Jaen,30/543/1455,Volcafe,1600,Carjamarca,Smallholders producers,275,69 kg,ASOCIACIÓN COLOMBIANA PARA LA EXCELENCIA DEL CAFE,2025 / 2026,"October 20th, 2025",Lígia Maria Bastos Leite,Caturra,Completed,Washed / Wet,7.58,7.33,7.17,7.5,7.33,7.25,10.0,10.0,10.0,7.33,0.0,81.5,11.3 %,0 full defects,0,Green,2 full defects,,"October 20th, 2026",ASOCIACIÓN COLOMBIANA PARA LA EXCELENCIA DEL CAFE,Calle 60A #3D-32 / Planta Baja / CQ Lab ASECC,Carlos Julian Ruiz - 3212026991
Taiwan,COFEE BERRIES MANOR,C216,COFEE BERRIES MANOR,,Taiwan Coffee Laboratory,1100,"Gukeng Township, Yunlin County","WANG, YING-HUI",1,2 kg,Taiwan Coffee Laboratory 台灣咖啡研究室,2024 / 2025,"September 26th, 2025",Taiwan Coffee Laboratory 台灣咖啡研究室,Typica,Completed,Washed / Wet,7.17,7.42,7.33,7.33,7.5,7.33,10.0,10.0,10.0,7.33,0.0,81.42,10.5 %,0 full defects,0,greenish,4 full defects,,"September 26th, 2026",Taiwan Coffee Laboratory 台灣咖啡研究室,"QAHWAH CO., LTD 4F, No. 225, Sec. 3, Beixin Rd., Xindian Dist. New Taipei City, Taiwan","Lin, Jen-An Neil 林仁安 - 886-289116612"
Nicaragua,El PASTOTAL,P06461-S84293,J&M FAMILY COFFEE S.A,017-341-46,Panamerican Coffee Trading,1300-1400,"JINOTEGA, COMUNIDAD LOS CIPRECES",JUAN DE DIOS CASTILLO ARAUZ,275,69 kg,Specialty Coffee Association of Costa Rica,2024 / 2025,"May 19th, 2025",Rodrigo Soto,Catuai,Completed,Washed / Wet,7.25,7.33,7.17,7.5,7.5,7.33,10.0,10.0,10.0,7.33,0.0,81.42,10.3 %,0 full defects,1,Green,1 full defects,,"May 19th, 2026",Specialty Coffee Association of Costa Rica,"Blvd Rohrmoser, de Prisma Dental 200 norte y 25 oeste, casa 21",Noelia Villalobos - (506) 2220 0685
Vietnam,Apollo Estate,Apollo CD honey 2024,Dry mill,,Công Ty TNHH APOLLO,>1000,Dalat,"Yeh, Li Chuan",1,2 kg,Vietnam Commodity Control & Certification Joint Stock Company (VCC&C),2024 / 2025,"March 5th, 2025","Sunvirtue Co., Ltd",Catimor,Completed,Pulped natural / honey,7.5,7.33,7.25,7.33,7.42,7.25,10.0,10.0,10.0,7.33,0.0,81.42,10.8 %,0 full defects,0,Green,2 full defects,,"March 5th, 2026",Vietnam Commodity Control & Certification Joint Stock Company (VCC&C),"1 G Dinh Bo Linh Street, 15 ward, Binh Thanh District, Ho Chi Minh City","Hai,Tran Quang. - 84 8 98 967 8708"
Taiwan,COFEE BERRIES MANOR,C217,COFEE BERRIES MANOR,,Taiwan Coffee Laboratory,1100,"Gukeng Township, Yunlin County","WANG, YING-HUI",1,2 kg,Taiwan Coffee Laboratory 台灣咖啡研究室,2024 / 2025,"September 26th, 2025",Taiwan Coffee Laboratory 台灣咖啡研究室,Typica,Completed,Natural / Dry,7.5,7.33,7.42,7.25,7.33,7.17,10.0,10.0,10.0,7.25,0.0,81.25,9.4 %,0 full defects,0,Brownish,4 full defects,,"September 26th, 2026",Taiwan Coffee Laboratory 台灣咖啡研究室,"QAHWAH CO., LTD 4F, No. 225, Sec. 3, Beixin Rd., Xindian Dist. New Taipei City, Taiwan","Lin, Jen-An Neil 林仁安 - 886-289116612"
Taiwan,太巴塱多恩莊園Tafalong to`em Farm,2025花蓮縣第九屆精品咖啡評鑑批次,太巴塱多恩莊園Tafalong to`em Farm,,Taiwan Coffee Laboratory,250,"Guangfu Township, Hualien County","曾梅玲ZENG,MEI-LING",1,6 kg,Taiwan Coffee Laboratory 台灣咖啡研究室,2024,"September 12th, 2025",Taiwan Coffee Laboratory 台灣咖啡研究室,Typica,Completed,Pulped natural / honey,7.33,7.25,7.33,7.25,7.33,7.33,10.0,10.0,10.0,7.33,0.0,81.17,11.2 %,0 full defects,0,BROWN,4 full defects,,"September 12th, 2026",Taiwan Coffee Laboratory 台灣咖啡研究室,"QAHWAH CO., LTD 4F, No. 225, Sec. 3, Beixin Rd., Xindian Dist. New Taipei City, Taiwan","Lin, Jen-An Neil 林仁安 - 886-289116612"
Taiwan,九一七農場Farm 917,2025花蓮縣第九屆精品咖啡評鑑批次,九一七農場Farm 917,,Taiwan Coffee Laboratory,300,"Yuli Township, Hualien County","黃怡瑄HUANG,YI-SYUAN",1,6 kg,Taiwan Coffee Laboratory 台灣咖啡研究室,2024,"September 12th, 2025",Taiwan Coffee Laboratory 台灣咖啡研究室,Catimor,Completed,Washed / Wet,7.42,7.42,7.17,7.42,7.33,7.25,10.0,10.0,10.0,7.17,0.0,81.17,10.3 %,0 full defects,0,Bluish-Green,0 full defects,,"September 12th, 2026",Taiwan Coffee Laboratory 台灣咖啡研究室,"QAHWAH CO., LTD 4F, No. 225, Sec. 3, Beixin Rd., Xindian Dist. New Taipei City, Taiwan","Lin, Jen-An Neil 林仁安 - 886-289116612"
Colombia,VARIOS,3-01-16596,ALMACAFE BELLO ANTIOQUIA,3-01-16596,Federación de cafeteros de Colombia,1120 A 2060,ANTIOQUIA,VARIOS,375,70 kg,ASOCIACIÓN COLOMBIANA PARA LA EXCELENCIA DEL CAFE,2024 / 2025,"August 21st, 2025",Camilo Mosquera,CASTILLA COLOMBIA,Completed,Washed / Wet,7.33,7.33,7.08,7.42,7.42,7.25,10.0,10.0,10.0,7.33,0.0,81.17,10.9 %,1 full defects,14,Green,4 full defects,,"August 21st, 2026",ASOCIACIÓN COLOMBIANA PARA LA EXCELENCIA DEL CAFE,Calle 60A #3D-32 / Planta Baja / CQ Lab ASECC,Carlos Julian Ruiz - 3212026991
Taiwan,王氏咖啡,C08,王氏咖啡,,Taiwan Coffee Laboratory,1000,嘉義/番路鄉,王文正,1,2 kg,Taiwan Coffee Laboratory 台灣咖啡研究室,2024 / 2025,"September 26th, 2025",Taiwan Coffee Laboratory 台灣咖啡研究室,Typica,Completed,Washed / Wet,7.33,7.25,7.42,7.25,7.25,7.25,10.0,10.0,10.0,7.33,0.0,81.08,9.8 %,0 full defects,0,Green,0 full defects,,"September 26th, 2026",Taiwan Coffee Laboratory 台灣咖啡研究室,"QAHWAH CO., LTD 4F, No. 225, Sec. 3, Beixin Rd., Xindian Dist. New Taipei City, Taiwan","Lin, Jen-An Neil 林仁安 - 886-289116612"
El Salvador,La Esperanza,S84352 / P06612,Beneficio San Miguel,09-032-90,Panamerican Coffee Trading,1200-1450,El Bálsamo-Quezaltepeque - West Region,"Trapiche, S.A de C.V",275,69 kg,Specialty Coffee Association of Costa Rica,2024 / 2025,"May 2nd, 2025",Rodrigo Soto,Catimor,Completed,Washed / Wet,7.5,7.25,7.25,7.17,7.33,7.33,10.0,10.0,10.0,7.17,0.0,81.0,11.8 %,0 full defects,1,Green,1 full defects,,"May 2nd, 2026",Specialty Coffee Association of Costa Rica,"Blvd Rohrmoser, de Prisma Dental 200 norte y 25 oeste, casa 21",Noelia Villalobos - (506) 2220 0685
Taiwan,泥妲咖啡,A06,泥妲咖啡,,Taiwan Coffee Laboratory,300-500,花蓮縣秀林鄉,戴豐秋,1,2 kg,Taiwan Coffee Laboratory 台灣咖啡研究室,2025,"September 26th, 2025",Taiwan Coffee Laboratory 台灣咖啡研究室,Typica,Completed,Natural / Dry,7.33,7.33,7.33,7.17,7.25,7.25,10.0,10.0,10.0,7.25,0.0,80.92,10.4 %,0 full defects,0,Green,0 full defects,,"September 26th, 2026",Taiwan Coffee Laboratory 台灣咖啡研究室,"QAHWAH CO., LTD 4F, No. 225, Sec. 3, Beixin Rd., Xindian Dist. New Taipei City, Taiwan","Lin, Jen-An Neil 林仁安 - 886-289116612"
Taiwan,COFEE BERRIES MANOR,C209,"Chiayi Agricultural Experiment Branch, TARI",,Taiwan Coffee Laboratory,1100,"Gukeng Township, Yunlin County","WANG, YING-HUI",1,2 kg,Taiwan Coffee Laboratory 台灣咖啡研究室,2024 / 2025,"September 26th, 2025",Taiwan Coffee Laboratory 台灣咖啡研究室,Typica,Completed,Natural / Dry,7.25,7.25,7.17,7.33,7.33,7.33,10.0,10.0,10.0,7.25,0.0,80.92,11.6 %,0 full defects,1,yellow green,4 full defects,,"September 26th, 2026",Taiwan Coffee Laboratory 台灣咖啡研究室,"QAHWAH CO., LTD 4F, No. 225, Sec. 3, Beixin Rd., Xindian Dist. New Taipei City, Taiwan","Lin, Jen-An Neil 林仁安 - 886-289116612"
Thailand,ARKUNA FARM COMPANY LIMITED,1,ARKUNA FARM COMPANY LIMITED,,ARKUNA FARM COMPANY LIMITED,1175,Chiang Rai,ARKUNA FARM COMPANY LIMITED,1,3 kg,Specialty Coffee Institute of Thailand,2024 / 2025,"September 29th, 2025",ARKUNA FARM COMPANY LIMITED,Typica,Completed,Natural / Dry,7.08,7.25,7.25,7.25,7.5,7.17,10.0,10.0,10.0,7.17,0.0,80.67,10.3 %,1 full defects,0,Green,7 full defects,,"September 29th, 2026",Specialty Coffee Institute of Thailand,"No.76-82 Satri Wittaya 2 Soi 6, Ladplao, Bangkok 10230 Thailand","Rinlapat Siwachairot - +66 2 118 0811, +66 926462492"
Vietnam,Gaia Farms,221146,Hulling Facility,,Brew Baby Coffee Company,5400,"Lam Dong Province, Vietnam",Viet Coffee Company Limited,1,1 kg,Firedancer Coffee Consultants,2024 / 2025,"April 8th, 2025",Brew baby Coffee Company,Catimor,Completed,Pulped natural / honey,7.5,7.25,7.17,7.08,7.42,7.08,10.0,10.0,10.0,7.08,0.0,80.58,9.8 %,0 full defects,0,Green,7 full defects,,"April 8th, 2026",Firedancer Coffee Consultants,"165 Commerce Drive, Ste 103",Firedancer Coffee Consultants -
Jamaica,Nomlas Farm,BGMBH 100/11/003,Hulling,100/11/003,Buboffee GmbH,1400-1800,St. Andrew ( Jamaica),Jamaica Coffee Growers Association,1,2 kg,NKG Quality Service (a division of Bernhard Rothfos Intercafé AG),2024 / 2025,"February 14th, 2025",Martin Bubeliny,Blue Mountain,Completed,Washed / Wet,7.25,7.17,7.08,7.25,7.33,7.25,10.0,10.0,10.0,7.25,0.0,80.58,11.3 %,0 full defects,2,Blue-Green,1 full defects,,"February 14th, 2026",NKG Quality Service (a division of Bernhard Rothfos Intercafé AG),"Bahnhofstrasse 22 6300 Zug, Switzerland",Catherine Queiroz - +41 41 728 72 81
Vietnam,Proh Farm,PRO01,dry mill,,Proh Farm,1500,CAU DAT,Huỳnh Nguyễn Trà My,83,60 kg,STONE VILLAGE LAB VIETNAM,2024 / 2025,"April 19th, 2025",Huynh Nguyen Tra My,Catimor,Completed,Pulped natural / honey,7.25,7.17,7.25,7.08,7.25,7.25,10.0,10.0,10.0,7.25,0.0,80.5,12 %,0 full defects,1,Green,0 full defects,,"April 19th, 2026",STONE VILLAGE LAB VIETNAM,THỊ TRẤN MĂNG ĐEN,STONE VILLAGE LAB VIETNAM - 0966005189
Vietnam,Apollo Estate,Apollo washed 2024,Dry mill,,Công Ty TNHH APOLLO,>1000,Dalat,"Yeh, Li Chuan",1,2 kg,Vietnam Commodity Control & Certification Joint Stock Company (VCC&C),2024 / 2025,"March 5th, 2025","Sunvirtue Co., Ltd",Catimor,Completed,Washed / Wet,7.25,7.25,7.17,7.25,7.17,7.17,10.0,10.0,10.0,7.17,0.0,80.42,11.2 %,0 full defects,0,Yellow-Green,2 full defects,,"March 5th, 2026",Vietnam Commodity Control & Certification Joint Stock Company (VCC&C),"1 G Dinh Bo Linh Street, 15 ward, Binh Thanh District, Ho Chi Minh City","Hai,Tran Quang. - 84 8 98 967 8708"
Vietnam,Gaia Farms,221166,Hulling Facility,,Brew Baby Coffee Company,5400,"Lam Dong Province, Vietnam",Viet Coffee Company Limited,1,1 kg,Firedancer Coffee Consultants,2024 / 2025,"April 8th, 2025",Brew baby Coffee Company,Catuai,Completed,Pulped natural / honey,7.08,7.08,7.17,7.17,7.25,7.08,10.0,10.0,10.0,7.17,0.0,80.0,9.2 %,0 full defects,0,Green,4 full defects,,"April 8th, 2026",Firedancer Coffee Consultants,"165 Commerce Drive, Ste 103",Firedancer Coffee Consultants -
Colombia,VARIOS,3-01-13645,ALMACAFE PEREIRA,3-01-13645,Federación de cafeteros de Colombia,1100 a 1800,RISARALDA,VARIOS,375,70 kg,ASOCIACIÓN COLOMBIANA PARA LA EXCELENCIA DEL CAFE,2024 / 2025,"June 2nd, 2025",Camilo Mosquera,,Completed,Washed / Wet,7.58,7.42,7.33,7.42,7.5,7.42,8.67,8.67,8.67,7.42,-1.33,76.75,10.6 %,0 full defects,0,Green,4 full defects,,"June 2nd, 2026",ASOCIACIÓN COLOMBIANA PARA LA EXCELENCIA DEL CAFE,Calle 60A #3D-32 / Planta Baja / CQ Lab ASECC,Carlos Julian Ruiz - 3212026991
Brazil,Ofi - Olam Food Ingredients,S040263-2,Dry Mill,,Olam Specialty Coffee,1100,Cerrado,Ofi - Olam Food Ingredients,1600,96000 kg,Brazil Specialty Coffee Association,2025,"September 22nd, 2025",ADRYELLI CRISTINA SILVA,Catuai,Completed,Natural / Dry,7.67,7.67,7.58,7.67,7.67,7.58,8.0,8.0,9.33,7.58,-2.67,76.08,11 %,0 full defects,0,Green,1 full defects,,"September 22nd, 2026",Brazil Specialty Coffee Association,"R Guilherme F Zanatelli - 121, Santa Luiza 121 BSCA - Comercio",Lyvia Camargo - 55 35 3212-4705
